msc_code,model_tisco,submodel_name_tisco,model,submodel,submodel_name,model_year
UL6MRAB_1,MAZDA BT-50 PRO (MY2016),STD 2.2 S_Solid,BT-50 PRO,2.2,STANDARD CAB S,2016
UL6MRAB,MAZDA BT-50 PRO (MY2016),STD 2.2 S,BT-50 PRO,2.2,STANDARD CAB S,2016
UL6JRAC_1,MAZDA BT-50 PRO (MY2016),FSC 2.2 S_Solid,BT-50 PRO,2.2,FREE STYLE CAB S,2016
UL6JRAC,MAZDA BT-50 PRO (MY2016),FSC 2.2 S,BT-50 PRO,2.2,FREE STYLE CAB S,2016
UL6JRAD_1,MAZDA BT-50 PRO (MY2016),FSC 2.2 V_Solid,BT-50 PRO,2.2,FREE STYLE CAB V,2016
UL6JRAD,MAZDA BT-50 PRO (MY2016),FSC 2.2 V,BT-50 PRO,2.2,FREE STYLE CAB V,2016
UL6HRAG_1,MAZDA BT-50 PRO (MY2016),FSC 2.2 Hi-Racer_Solid,BT-50 PRO,2.2,FREE STYLE CAB Hi-Racer,2016
UL6HRAG,MAZDA BT-50 PRO (MY2016),FSC 2.2 Hi-Racer,BT-50 PRO,2.2,FREE STYLE CAB Hi-Racer,2016
UL6HRAF_1,MAZDA BT-50 PRO (MY2016),FSC 2.2 Hi-Racer ABS_Solid,BT-50 PRO,2.2,FREE STYLE CAB Hi-Racer ABS,2016
UL6HRAF,MAZDA BT-50 PRO (MY2016),FSC 2.2 Hi-Racer ABS,BT-50 PRO,2.2,FREE STYLE CAB Hi-Racer ABS,2016
UL6HRAF_2,MAZDA BT-50 PRO (MY2016),FSC 2.2 Hi-Racer ABS - ขาวมุก,BT-50 PRO,2.2,FREE STYLE CAB Hi-Racer ABS,2016
UL6BRAD_1,MAZDA BT-50 PRO (MY2016),DBL 2.2 V ABS_Solid,BT-50 PRO,2.2,DOUBLE CAB V ABS,2016
UL6BRAD,MAZDA BT-50 PRO (MY2016),DBL 2.2 V ABS,BT-50 PRO,2.2,DOUBLE CAB V ABS,2016
UL6ARAB,MAZDA BT-50 PRO (MY2016),DBL 2.2 Hi-Racer,BT-50 PRO,2.2,DOUBLE CAB Hi-Racer,2016
UL6ARAB_1,MAZDA BT-50 PRO (MY2016),DBL 2.2 Hi-Racer_Solid,BT-50 PRO,2.2,DOUBLE CAB Hi-Racer,2016
UL6ARAG_1,MAZDA BT-50 PRO (MY2016),DBL 2.2 Hi-Racer ABS DVD NAVI_Solid,BT-50 PRO,2.2,DOUBLE CAB Hi-Racer ABS NAVI,2016
UL6ARAG,MAZDA BT-50 PRO (MY2016),DBL 2.2 Hi-Racer ABS DVD NAVI,BT-50 PRO,2.2,DOUBLE CAB Hi-Racer ABS NAVI,2016
UL6ARAG_2,MAZDA BT-50 PRO (MY2016),DBL 2.2 Hi-Racer ABS DVD NAVI - ขาวมุก,BT-50 PRO,2.2,DOUBLE CAB Hi-Racer ABS NAVI,2016
UL5VRAD_1,MAZDA BT-50 PRO (MY2016),DBL 2.2 Hi-Racer ABS AT_Solid,BT-50 PRO,2.2,DOUBLE CAB Hi-Racer ABS AT,2016
UL5VRAD,MAZDA BT-50 PRO (MY2016),DBL 2.2 Hi-Racer ABS AT,BT-50 PRO,2.2,DOUBLE CAB Hi-Racer ABS AT,2016
UL5VRAD_2,MAZDA BT-50 PRO (MY2016),DBL 2.2 Hi-Racer ABS AT - ขาวมุก,BT-50 PRO,2.2,DOUBLE CAB Hi-Racer ABS AT,2016
UL5VRAN_1,MAZDA BT-50 PRO (MY2016),DBL 2.2 Hi-Racer ABS/Leather AT/DVD NAVI_Solid,BT-50 PRO,2.2,DOUBLE CAB Hi-Racer ABS AT NAVI,2016
UL5VRAN,MAZDA BT-50 PRO (MY2016),DBL 2.2 Hi-Racer ABS/Leather AT/DVD NAVI,BT-50 PRO,2.2,DOUBLE CAB Hi-Racer ABS AT NAVI,2016
UL5VRAN_2,MAZDA BT-50 PRO (MY2016),DBL 2.2 Hi-Racer ABS/Leather AT/DVD NAVI - ขาวมุก,BT-50 PRO,2.2,DOUBLE CAB Hi-Racer ABS AT NAVI,2016
UL6ERAC_1,MAZDA BT-50 PRO (MY2016),DBL 4x4 3.2 R ABS/DSC/LH/DVD NAVI_Solid,BT-50 PRO,3.2,DOUBLE CAB R 4WD NAVI,2016
UL6ERAC,MAZDA BT-50 PRO (MY2016),DBL 4x4 3.2 R ABS/DSC/LH/DVD NAVI,BT-50 PRO,3.2,DOUBLE CAB R 4WD NAVI,2016
UL6ERAC_2,MAZDA BT-50 PRO (MY2016),DBL 4x4 3.2 R ABS/DSC/LH/DVD NAVI - ขาวมุก,BT-50 PRO,3.2,DOUBLE CAB R 4WD NAVI,2016
UL6DRAE_1,MAZDA BT-50 PRO (MY2016),DBL 4x4 3.2 R DSC/LH AT/DVD NAVI_Solid,BT-50 PRO,3.2,DOUBLE CAB R 4WD AT NAVI,2016
UL6DRAE,MAZDA BT-50 PRO (MY2016),DBL 4x4 3.2 R DSC/LH AT/DVD NAVI,BT-50 PRO,3.2,DOUBLE CAB R 4WD AT NAVI,2016
UL6DRAE_2,MAZDA BT-50 PRO (MY2016),DBL 4x4 3.2 R DSC/LH AT/DVD NAVI - ขาวมุก,BT-50 PRO,3.2,DOUBLE CAB R 4WD AT NAVI,2016
UL6HI01,"MAZDA BT-50 PRO ""THUNDER"" (MY2018)",FSC 2.2 Hi-Racer (THUNDER)_สี Metalic,BT-50 PRO,2.2,FREE STYLE CAB THUNDER Hi-Racer,2018
UL6HI01_1,"MAZDA BT-50 PRO ""THUNDER"" (MY2018)",FSC 2.2 Hi-Racer (THUNDER)_สีขาว Cool White,BT-50 PRO,2.2,FREE STYLE CAB THUNDER Hi-Racer,2018
UL6AI01,"MAZDA BT-50 PRO ""THUNDER"" (MY2018)",DBL 2.2 Hi-Racer (THUNDER)_สี Metalic,BT-50 PRO,2.2,DOUBLE CAB THUNDER Hi-Racer,2018
UL6AI01_1,"MAZDA BT-50 PRO ""THUNDER"" (MY2018)",DBL 2.2 Hi-Racer (THUNDER)_สีขาว Cool White,BT-50 PRO,2.2,DOUBLE CAB THUNDER Hi-Racer,2018
UL5VI01,"MAZDA BT-50 PRO ""THUNDER"" (MY2018)",DBL 2.2 Hi-Racer ABS/Leather AT DVD Navi (THUNDER)_สี Metalic,BT-50 PRO,2.2,DOUBLE CAB THUNDER Hi-Racer ABS AT NAVI,2018
UL5VI01_2,"MAZDA BT-50 PRO ""THUNDER"" (MY2018)",DBL 2.2 Hi-Racer ABS/Leather AT DVD Navi (THUNDER)_สีขาวมุก Snowflake,BT-50 PRO,2.2,DOUBLE CAB THUNDER Hi-Racer ABS AT NAVI,2018
BBJSRAB,MAZDA3 SKYACTIV (MY2018),Mazda3 2.0 E Sports,3,2.0,E Sports,2018
BBJSRAB_1,MAZDA3 SKYACTIV (MY2018),Mazda3 2.0 E Sports - White Pearl,3,2.0,E Sports,2018
BBJSRAB_2,MAZDA3 SKYACTIV (MY2018),Mazda3 2.0 E Sports - Machine Grey,3,2.0,E Sports,2018
BBJSRAB_3,MAZDA3 SKYACTIV (MY2018),Mazda3 2.0 E Sports - Soul Red Crystal,3,2.0,E Sports,2018
BBJTRAF,MAZDA3 SKYACTIV (MY2018),Mazda3 2.0 C Sports,3,2.0,C Sports,2018
BBJTRAF_1,MAZDA3 SKYACTIV (MY2018),Mazda3 2.0 C Sports - White Pearl,3,2.0,C Sports,2018
BBJTRAF_2,MAZDA3 SKYACTIV (MY2018),Mazda3 2.0 C Sports - Machine Grey,3,2.0,C Sports,2018
BBJTRAF_3,MAZDA3 SKYACTIV (MY2018),Mazda3 2.0 C Sports - Soul Red Crystal,3,2.0,C Sports,2018
BBJTRAH,MAZDA3 SKYACTIV (MY2018),Mazda3 2.0 S Sports,3,2.0,S Sports,2018
BBJTRAH_1,MAZDA3 SKYACTIV (MY2018),Mazda3 2.0 S Sports - White Pearl,3,2.0,S Sports,2018
BBJTRAH_2,MAZDA3 SKYACTIV (MY2018),Mazda3 2.0 S Sports - Machine Grey,3,2.0,S Sports,2018
BBJTRAH_3,MAZDA3 SKYACTIV (MY2018),Mazda3 2.0 S Sports - Soul Red Crystal,3,2.0,S Sports,2018
BBJTRAK,MAZDA3 SKYACTIV (MY2018),Mazda3 2.0 SP Sports,3,2.0,SP Sports,2018
BBJTRAK_1,MAZDA3 SKYACTIV (MY2018),Mazda3 2.0 SP Sports - White Pearl,3,2.0,SP Sports,2018
BBJTRAK_2,MAZDA3 SKYACTIV (MY2018),Mazda3 2.0 SP Sports - Machine Grey,3,2.0,SP Sports,2018
BBJTRAK_3,MAZDA3 SKYACTIV (MY2018),Mazda3 2.0 SP Sports - Soul Red Crystal,3,2.0,SP Sports,2018
BBJPRAB,MAZDA3 SKYACTIV (MY2018),Mazda3 2.0 E,3,2.0,E,2018
BBJPRAB_1,MAZDA3 SKYACTIV (MY2018),Mazda3 2.0 E - White Pearl,3,2.0,E,2018
BBJPRAB_2,MAZDA3 SKYACTIV (MY2018),Mazda3 2.0 E - Machine Grey,3,2.0,E,2018
BBJPRAB_3,MAZDA3 SKYACTIV (MY2018),Mazda3 2.0 E - Soul Red Crystal,3,2.0,E,2018
BBJRRAF,MAZDA3 SKYACTIV (MY2018),Mazda3 2.0 C,3,2.0,C,2018
BBJRRAF_1,MAZDA3 SKYACTIV (MY2018),Mazda3 2.0 C  - White Pearl,3,2.0,C,2018
BBJRRAF_2,MAZDA3 SKYACTIV (MY2018),Mazda3 2.0 C  - Machine Grey,3,2.0,C,2018
BBJRRAF_3,MAZDA3 SKYACTIV (MY2018),Mazda3 2.0 C  - Soul Red Crystal,3,2.0,C,2018
BBJRRAH,MAZDA3 SKYACTIV (MY2018),Mazda3 2.0 S,3,2.0,S,2018
BBJRRAH_1,MAZDA3 SKYACTIV (MY2018),Mazda3 2.0 S  - White Pearl,3,2.0,S,2018
BBJRRAH_2,MAZDA3 SKYACTIV (MY2018),Mazda3 2.0 S  - Machine Grey,3,2.0,S,2018
BBJRRAH_3,MAZDA3 SKYACTIV (MY2018),Mazda3 2.0 S  - Soul Red Crystal,3,2.0,S,2018
BBJRRAK,MAZDA3 SKYACTIV (MY2018),Mazda3 2.0 SP,3,2.0,SP,2018
BBJRRAK_1,MAZDA3 SKYACTIV (MY2018),Mazda3 2.0 SP - White Pearl,3,2.0,SP,2018
BBJRRAK_2,MAZDA3 SKYACTIV (MY2018),Mazda3 2.0 SP - Machine Grey,3,2.0,SP,2018
BBJRRAK_3,MAZDA3 SKYACTIV (MY2018),Mazda3 2.0 SP - Soul Red Crystal,3,2.0,SP,2018
BDERRAE,MAZDA3 (MY2020),ALL-New MAZDA 3 2.0 C,3,2.0,C,2020
BDERRAE_1,MAZDA3 (MY2020),ALL-New MAZDA 3 2.0 C - White Pearl,3,2.0,C,2020
BDERRAE_2,MAZDA3 (MY2020),ALL-New MAZDA 3 2.0 C - Machine Grey,3,2.0,C,2020
BDERRAE_3,MAZDA3 (MY2020),ALL-New MAZDA 3 2.0 C - Soul Red Crystal,3,2.0,C,2020
BDERRAF,MAZDA3 (MY2020),ALL-New MAZDA 3 2.0 S,3,2.0,S,2020
BDERRAF_1,MAZDA3 (MY2020),ALL-New MAZDA 3 2.0 S - White Pearl,3,2.0,S,2020
BDERRAF_2,MAZDA3 (MY2020),ALL-New MAZDA 3 2.0 S - Machine Grey,3,2.0,S,2020
BDERRAF_3,MAZDA3 (MY2020),ALL-New MAZDA 3 2.0 S - Soul Red Crystal,3,2.0,S,2020
BDERRAC,MAZDA3 (MY2020),ALL-New MAZDA 3 2.0 SP,3,2.0,SP,2020
BDERRAC_1,MAZDA3 (MY2020),ALL-New MAZDA 3 2.0 SP - White Pearl,3,2.0,SP,2020
BDERRAC_2,MAZDA3 (MY2020),ALL-New MAZDA 3 2.0 SP - Machine Grey,3,2.0,SP,2020
BDERRAC_3,MAZDA3 (MY2020),ALL-New MAZDA 3 2.0 SP - Soul Red Crystal,3,2.0,SP,2020
BDETRAD,MAZDA3 (MY2020),ALL-New MAZDA 3 2.0 C Sports,3,2.0,C Sports,2020
BDETRAD_1,MAZDA3 (MY2020),ALL-New MAZDA 3 2.0 C Sports - White Pearl,3,2.0,C Sports,2020
BDETRAD_2,MAZDA3 (MY2020),ALL-New MAZDA 3 2.0 C Sports - Machine Grey,3,2.0,C Sports,2020
BDETRAD_3,MAZDA3 (MY2020),ALL-New MAZDA 3 2.0 C Sports - Soul Red Crystal,3,2.0,C Sports,2020
BDETRAE,MAZDA3 (MY2020),ALL-New MAZDA 3 2.0 S Sports,3,2.0,S Sports,2020
BDETRAE_1,MAZDA3 (MY2020),ALL-New MAZDA 3 2.0 S Sports - White Pearl,3,2.0,S Sports,2020
BDETRAE_2,MAZDA3 (MY2020),ALL-New MAZDA 3 2.0 S Sports - Machine Grey,3,2.0,S Sports,2020
BDETRAE_3,MAZDA3 (MY2020),ALL-New MAZDA 3 2.0 S Sports - Soul Red Crystal,3,2.0,S Sports,2020
BDETRAA,MAZDA3 (MY2020),ALL-New MAZDA 3 2.0 SP Sports,3,2.0,SP Sports,2020
BDETRAA_1,MAZDA3 (MY2020),ALL-New MAZDA 3 2.0 SP Sports - White Pearl,3,2.0,SP Sports,2020
BDETRAA_2,MAZDA3 (MY2020),ALL-New MAZDA 3 2.0 SP Sports - Machine Grey,3,2.0,SP Sports,2020
BDETRAA_3,MAZDA3 (MY2020),ALL-New MAZDA 3 2.0 SP Sports - Soul Red Crystal,3,2.0,SP Sports,2020
DM7SRAB,MAZDA CX-3 SKYACTIV  (MY2018),NEW MAZDA CX-3 2.0 E,CX-3,2.0,E,2018
DM7SRAB_1,MAZDA CX-3 SKYACTIV  (MY2018),NEW MAZDA CX-3 2.0 E - Snowflake White Pearl,CX-3,2.0,E,2018
DM7SRAB_2,MAZDA CX-3 SKYACTIV  (MY2018),NEW MAZDA CX-3 2.0 E - Machine Grey,CX-3,2.0,E,2018
DM7SRAB_3,MAZDA CX-3 SKYACTIV  (MY2018),NEW MAZDA CX-3 2.0 E - Soul Red Crystal,CX-3,2.0,E,2018
DM7SRAA,MAZDA CX-3 SKYACTIV  (MY2018),NEW MAZDA CX-3 2.0 C,CX-3,2.0,C,2018
DM7SRAA_1,MAZDA CX-3 SKYACTIV  (MY2018),NEW MAZDA CX-3 2.0 C - Snowflake White Pearl,CX-3,2.0,C,2018
DM7SRAA_2,MAZDA CX-3 SKYACTIV  (MY2018),NEW MAZDA CX-3 2.0 C - Machine Grey,CX-3,2.0,C,2018
DM7SRAA_3,MAZDA CX-3 SKYACTIV  (MY2018),NEW MAZDA CX-3 2.0 C - Soul Red Crystal,CX-3,2.0,C,2018
DM7SRAC,MAZDA CX-3 SKYACTIV  (MY2018),NEW MAZDA CX-3 2.0 S,CX-3,2.0,S,2018
DM7SRAC_1,MAZDA CX-3 SKYACTIV  (MY2018),NEW MAZDA CX-3 2.0 S - Snowflake White Pearl,CX-3,2.0,S,2018
DM7SRAC_2,MAZDA CX-3 SKYACTIV  (MY2018),NEW MAZDA CX-3 2.0 S - Machine Grey,CX-3,2.0,S,2018
DM7SRAC_3,MAZDA CX-3 SKYACTIV  (MY2018),NEW MAZDA CX-3 2.0 S - Soul Red Crystal,CX-3,2.0,S,2018
DN2TRAA,MAZDA CX-3 SKYACTIV  (MY2018),NEW MAZDA CX-3 2.0 SP,CX-3,2.0,SP,2018
DN2TRAA_1,MAZDA CX-3 SKYACTIV  (MY2018),NEW MAZDA CX-3 2.0 SP - Snowflake White Pearl,CX-3,2.0,SP,2018
DN2TRAA_2,MAZDA CX-3 SKYACTIV  (MY2018),NEW MAZDA CX-3 2.0 SP - Machine Grey,CX-3,2.0,SP,2018
DN2TRAA_3,MAZDA CX-3 SKYACTIV  (MY2018),NEW MAZDA CX-3 2.0 SP - Soul Red Crystal,CX-3,2.0,SP,2018
DN2VRAA,MAZDA CX-3 SKYACTIV  (MY2018),NEW MAZDA CX-3 1.5 XDL,CX-3,1.5,XDL,2018
DN2VRAA_1,MAZDA CX-3 SKYACTIV  (MY2018),NEW MAZDA CX-3 1.5 XDL - Snowflake White Pearl,CX-3,1.5,XDL,2018
DN2VRAA_2,MAZDA CX-3 SKYACTIV  (MY2018),NEW MAZDA CX-3 1.5 XDL - Machine Grey,CX-3,1.5,XDL,2018
DN2VRAA_3,MAZDA CX-3 SKYACTIV  (MY2018),NEW MAZDA CX-3 1.5 XDL - Soul Red Crystal,CX-3,1.5,XDL,2018
DN2TRAB_1,MAZDA CX-3 EXCLUSIVE MODS (MY2019),MAZDA CX-3 2.0 SP EXCLUSIVE MODS - White Pearl,CX-3,2.0,SP EXCLUSIVE MODS,2019
DN2TRAB_2,MAZDA CX-3 EXCLUSIVE MODS (MY2019),MAZDA CX-3 2.0 SP EXCLUSIVE MODS - Machine Grey,CX-3,2.0,SP EXCLUSIVE MODS,2019
DN2TRAB_3,MAZDA CX-3 EXCLUSIVE MODS (MY2019),MAZDA CX-3 2.0 SP EXCLUSIVE MODS - Soul Red Crystal,CX-3,2.0,SP EXCLUSIVE MODS,2019
ZP09RAA,MAZDA CX-5 (MY2018),ALL NEW MAZDA CX-5 2.0 C,CX-5,2.0,C,2018
ZP09RAA_1,MAZDA CX-5 (MY2018),ALL NEW MAZDA CX-5 2.0 C - White Pearl,CX-5,2.0,C,2018
ZP09RAA_2,MAZDA CX-5 (MY2018),ALL NEW MAZDA CX-5 2.0 C - Machine Grey,CX-5,2.0,C,2018
ZP09RAA_3,MAZDA CX-5 (MY2018),ALL NEW MAZDA CX-5 2.0 C - Soul Red,CX-5,2.0,C,2018
ZP09RAB,MAZDA CX-5 (MY2018),ALL NEW MAZDA CX-5 2.0 S,CX-5,2.0,S,2018
ZP09RAB_1,MAZDA CX-5 (MY2018),ALL NEW MAZDA CX-5 2.0 S - White Pearl,CX-5,2.0,S,2018
ZP09RAB_2,MAZDA CX-5 (MY2018),ALL NEW MAZDA CX-5 2.0 S - Machine Grey,CX-5,2.0,S,2018
ZP09RAB_3,MAZDA CX-5 (MY2018),ALL NEW MAZDA CX-5 2.0 S - Soul Red,CX-5,2.0,S,2018
ZP09RAC,MAZDA CX-5 (MY2018),ALL NEW MAZDA CX-5 2.0 SP,CX-5,2.0,SP,2018
ZP09RAC_1,MAZDA CX-5 (MY2018),ALL NEW MAZDA CX-5 2.0 SP - White Pearl,CX-5,2.0,SP,2018
ZP09RAC_2,MAZDA CX-5 (MY2018),ALL NEW MAZDA CX-5 2.0 SP - Machine Grey,CX-5,2.0,SP,2018
ZP09RAC_3,MAZDA CX-5 (MY2018),ALL NEW MAZDA CX-5 2.0 SP - Soul Red,CX-5,2.0,SP,2018
ZP11RAA,MAZDA CX-5 (MY2018),ALL NEW MAZDA CX-5 2.2 XD,CX-5,2.2,XD,2018
ZP11RAA_1,MAZDA CX-5 (MY2018),ALL NEW MAZDA CX-5 2.2 XD - White Pearl,CX-5,2.2,XD,2018
ZP11RAA_2,MAZDA CX-5 (MY2018),ALL NEW MAZDA CX-5 2.2 XD - Machine Grey,CX-5,2.2,XD,2018
ZP11RAA_3,MAZDA CX-5 (MY2018),ALL NEW MAZDA CX-5 2.2 XD - Soul Red,CX-5,2.2,XD,2018
ZP12RAA,MAZDA CX-5 (MY2018),ALL NEW MAZDA CX-5 2.2 XDL,CX-5,2.2,XDL 4WD,2018
ZP12RAA_1,MAZDA CX-5 (MY2018),ALL NEW MAZDA CX-5 2.2 XDL - White Pearl,CX-5,2.2,XDL 4WD,2018
ZP12RAA_2,MAZDA CX-5 (MY2018),ALL NEW MAZDA CX-5 2.2 XDL - Machine Grey,CX-5,2.2,XDL 4WD,2018
ZP12RAA_3,MAZDA CX-5 (MY2018),ALL NEW MAZDA CX-5 2.2 XDL - Soul Red,CX-5,2.2,XDL 4WD,2018
ZP77RAA,MAZDA CX-5 (MY2019),ALL NEW MAZDA CX-5 2.0 C,CX-5,2.0,C,2019
ZP77RAA_1,MAZDA CX-5 (MY2019),ALL NEW MAZDA CX-5 2.0 C - White Pearl,CX-5,2.0,C,2019
ZP77RAA_2,MAZDA CX-5 (MY2019),ALL NEW MAZDA CX-5 2.0 C - Machine Grey,CX-5,2.0,C,2019
ZP77RAA_3,MAZDA CX-5 (MY2019),ALL NEW MAZDA CX-5 2.0 C - Soul Red,CX-5,2.0,C,2019
ZP77RAB,MAZDA CX-5 (MY2019),ALL NEW MAZDA CX-5 2.0 S,CX-5,2.0,S,2019
ZP77RAB_1,MAZDA CX-5 (MY2019),ALL NEW MAZDA CX-5 2.0 S - White Pearl,CX-5,2.0,S,2019
ZP77RAB_2,MAZDA CX-5 (MY2019),ALL NEW MAZDA CX-5 2.0 S - Machine Grey,CX-5,2.0,S,2019
ZP77RAB_3,MAZDA CX-5 (MY2019),ALL NEW MAZDA CX-5 2.0 S - Soul Red,CX-5,2.0,S,2019
ZP78RAA,MAZDA CX-5 (MY2019),ALL NEW MAZDA CX-5 2.0 SP,CX-5,2.0,SP,2019
ZP78RAA_1,MAZDA CX-5 (MY2019),ALL NEW MAZDA CX-5 2.0 SP - White Pearl,CX-5,2.0,SP,2019
ZP78RAA_2,MAZDA CX-5 (MY2019),ALL NEW MAZDA CX-5 2.0 SP - Machine Grey,CX-5,2.0,SP,2019
ZP78RAA_3,MAZDA CX-5 (MY2019),ALL NEW MAZDA CX-5 2.0 SP - Soul Red,CX-5,2.0,SP,2019
ZP81RAA,MAZDA CX-5 (MY2019),ALL NEW MAZDA CX-5 2.2 XD,CX-5,2.2,XD,2019
ZP81RAA_1,MAZDA CX-5 (MY2019),ALL NEW MAZDA CX-5 2.2 XD - White Pearl,CX-5,2.2,XD,2019
ZP81RAA_2,MAZDA CX-5 (MY2019),ALL NEW MAZDA CX-5 2.2 XD - Machine Grey,CX-5,2.2,XD,2019
ZP81RAA_3,MAZDA CX-5 (MY2019),ALL NEW MAZDA CX-5 2.2 XD - Soul Red,CX-5,2.2,XD,2019
ZP82RAA,MAZDA CX-5 (MY2019),ALL NEW MAZDA CX-5 2.2 XDL,CX-5,2.2,XDL 4WD,2019
ZP82RAA_1,MAZDA CX-5 (MY2019),ALL NEW MAZDA CX-5 2.2 XDL - White Pearl,CX-5,2.2,XDL 4WD,2019
ZP82RAA_2,MAZDA CX-5 (MY2019),ALL NEW MAZDA CX-5 2.2 XDL - Machine Grey,CX-5,2.2,XDL 4WD,2019
ZP82RAA_3,MAZDA CX-5 (MY2019),ALL NEW MAZDA CX-5 2.2 XDL - Soul Red,CX-5,2.2,XDL 4WD,2019
ZP80RAA,MAZDA CX-5 (MY2019),ALL NEW MAZDA CX-5 2.5 TURBO SP,CX-5,2.5,Turbo SP 4WD,2019
ZP80RAA_1,MAZDA CX-5 (MY2019),ALL NEW MAZDA CX-5 2.5 TURBO SP - White Pearl,CX-5,2.5,Turbo SP 4WD,2019
ZP80RAA_2,MAZDA CX-5 (MY2019),ALL NEW MAZDA CX-5 2.5 TURBO SP - Machine Grey,CX-5,2.5,Turbo SP 4WD,2019
ZP80RAA_3,MAZDA CX-5 (MY2019),ALL NEW MAZDA CX-5 2.5 TURBO SP - Soul Red,CX-5,2.5,Turbo SP 4WD,2019
DG9ARAB_3,MAZDA2  (MY2018) ,MAZDA2 (MY2018) - 1.3 Sports Standard,2,1.3,Sports Standard,2018
DG9ARAB_4,MAZDA2  (MY2018) ,MAZDA2 (MY2018) - 1.3 Sports Standard - White Pearl,2,1.3,Sports Standard,2018
DG9ARAB_5,MAZDA2  (MY2018) ,MAZDA2 (MY2018) - 1.3 Sports Standard - Soul Red Crystal,2,1.3,Sports Standard,2018
DG9ARAB_6,MAZDA2  (MY2018) ,MAZDA2 (MY2018) - 1.3 Sports Standard - Machine Grey,2,1.3,Sports Standard,2018
DG9ARAE,MAZDA2  (MY2018) ,MAZDA2 (MY2018) - 1.3 Sports High,2,1.3,Sports High,2018
DG9ARAE_1,MAZDA2  (MY2018) ,MAZDA2 (MY2018) - 1.3 Sports High - White Pearl,2,1.3,Sports High,2018
DG9ARAE_2,MAZDA2  (MY2018) ,MAZDA2 (MY2018) - 1.3 Sports High - Soul Red Crystal,2,1.3,Sports High,2018
DG9ARAE_3,MAZDA2  (MY2018) ,MAZDA2 (MY2018) - 1.3 Sports High - Machine Grey,2,1.3,Sports High,2018
DG9ARAF,MAZDA2  (MY2018) ,MAZDA2 (MY2018) - 1.3 Sports High Connect,2,1.3,Sports High Connect,2018
DG9ARAF_1,MAZDA2  (MY2018) ,MAZDA2 (MY2018) - 1.3 Sports High Connect - White Pearl,2,1.3,Sports High Connect,2018
DG9ARAF_2,MAZDA2  (MY2018) ,MAZDA2 (MY2018) - 1.3 Sports High Connect - Soul Red Crystal,2,1.3,Sports High Connect,2018
DG9ARAF_3,MAZDA2  (MY2018) ,MAZDA2 (MY2018) - 1.3 Sports High Connect - Machine Grey,2,1.3,Sports High Connect,2018
DG9ARAG,MAZDA2  (MY2018) ,MAZDA2 (MY2018) - 1.3 Sports High Plus,2,1.3,Sports High Plus,2018
DG9ARAG_1,MAZDA2  (MY2018) ,MAZDA2 (MY2018) - 1.3 Sports High Plus - White Pearl,2,1.3,Sports High Plus,2018
DG9ARAG_2,MAZDA2  (MY2018) ,MAZDA2 (MY2018) - 1.3 Sports High Plus - Soul Red Crystal,2,1.3,Sports High Plus,2018
DG9ARAG_3,MAZDA2  (MY2018) ,MAZDA2 (MY2018) - 1.3 Sports High Plus - Machine Grey,2,1.3,Sports High Plus,2018
DG9BRAD,MAZDA2  (MY2018) ,MAZDA2 (MY2018) - XD Sports,2,1.5,XD Sports,2018
DG9BRAD_1,MAZDA2  (MY2018) ,MAZDA2 (MY2018) - XD Sports - White Pearl,2,1.5,XD Sports,2018
DG9BRAD_2,MAZDA2  (MY2018) ,MAZDA2 (MY2018) - XD Sports - Soul Red Crystal,2,1.5,XD Sports,2018
DG9BRAD_3,MAZDA2  (MY2018) ,MAZDA2 (MY2018) - XD Sports - Machine Grey,2,1.5,XD Sports,2018
DG9BRAE,MAZDA2  (MY2018) ,MAZDA2 (MY2018) - XD Sports High Connect,2,1.5,XD Sports High Connect,2018
DG9BRAE_1,MAZDA2  (MY2018) ,MAZDA2 (MY2018) - XD Sports High Connect - White Pearl,2,1.5,XD Sports High Connect,2018
DG9BRAE_2,MAZDA2  (MY2018) ,MAZDA2 (MY2018) - XD Sports High Connect - Soul Red Crystal,2,1.5,XD Sports High Connect,2018
DG9BRAE_3,MAZDA2  (MY2018) ,MAZDA2 (MY2018) - XD Sports High Connect - Machine Grey,2,1.5,XD Sports High Connect,2018
DG9BRAF,MAZDA2  (MY2018) ,MAZDA2 (MY2018) - XD Sports High Plus L,2,1.5,XD Sports High Plus L,2018
DG9BRAF_1,MAZDA2  (MY2018) ,MAZDA2 (MY2018) - XD Sports High Plus L - White Pearl,2,1.5,XD Sports High Plus L,2018
DG9BRAF_2,MAZDA2  (MY2018) ,MAZDA2 (MY2018) - XD Sports High Plus L - Soul Red Crystal,2,1.5,XD Sports High Plus L,2018
DG9BRAF_3,MAZDA2  (MY2018) ,MAZDA2 (MY2018) - XD Sports High Plus L - Machine Grey,2,1.5,XD Sports High Plus L,2018
DH0FRAB_3,MAZDA2  (MY2018) ,MAZDA2 (MY2018) - 1.3 Standard,2,1.3,Standard,2018
DH0FRAB_4,MAZDA2  (MY2018) ,MAZDA2 (MY2018) - 1.3 Standard - White Pearl,2,1.3,Standard,2018
DH0FRAB_5,MAZDA2  (MY2018) ,MAZDA2 (MY2018) - 1.3 Standard - Soul Red Crystal,2,1.3,Standard,2018
DH0FRAB_6,MAZDA2  (MY2018) ,MAZDA2 (MY2018) - 1.3 Standard - Machine Grey,2,1.3,Standard,2018
DH0FRAE,MAZDA2  (MY2018) ,MAZDA2 (MY2018) - 1.3 High,2,1.3,High,2018
DH0FRAE_1,MAZDA2  (MY2018) ,MAZDA2 (MY2018) - 1.3 High - White Pearl,2,1.3,High,2018
DH0FRAE_2,MAZDA2  (MY2018) ,MAZDA2 (MY2018) - 1.3 High - Soul Red Crystal,2,1.3,High,2018
DH0FRAE_3,MAZDA2  (MY2018) ,MAZDA2 (MY2018) - 1.3 High - Machine Grey,2,1.3,High,2018
DH0FRAF,MAZDA2  (MY2018) ,MAZDA2 (MY2018) - 1.3 High Connect,2,1.3,High Connect,2018
DH0FRAF_1,MAZDA2  (MY2018) ,MAZDA2 (MY2018) - 1.3 High Connect - White Pearl,2,1.3,High Connect,2018
DH0FRAF_2,MAZDA2  (MY2018) ,MAZDA2 (MY2018) - 1.3 High Connect - Soul Red Crystal,2,1.3,High Connect,2018
DH0FRAF_3,MAZDA2  (MY2018) ,MAZDA2 (MY2018) - 1.3 High Connect - Machine Grey,2,1.3,High Connect,2018
DH0FRAG,MAZDA2  (MY2018) ,MAZDA2 (MY2018) - 1.3 High Plus,2,1.3,High Plus,2018
DH0FRAG_1,MAZDA2  (MY2018) ,MAZDA2 (MY2018) - 1.3 High Plus - White Pearl,2,1.3,High Plus,2018
DH0FRAG_2,MAZDA2  (MY2018) ,MAZDA2 (MY2018) - 1.3 High Plus - Soul Red Crystal,2,1.3,High Plus,2018
DH0FRAG_3,MAZDA2  (MY2018) ,MAZDA2 (MY2018) - 1.3 High Plus - Machine Grey,2,1.3,High Plus,2018
DH0GRAD,MAZDA2  (MY2018) ,MAZDA2 (MY2018) - XD,2,1.5,XD,2018
DH0GRAD_1,MAZDA2  (MY2018) ,MAZDA2 (MY2018) - XD - White Pearl,2,1.5,XD,2018
DH0GRAD_2,MAZDA2  (MY2018) ,MAZDA2 (MY2018) - XD - Soul Red Crystal,2,1.5,XD,2018
DH0GRAD_3,MAZDA2  (MY2018) ,MAZDA2 (MY2018) - XD - Machine Grey,2,1.5,XD,2018
DH0GRAE,MAZDA2  (MY2018) ,MAZDA2 (MY2018) - XD High Connect,2,1.5,XD High Connect,2018
DH0GRAE_1,MAZDA2  (MY2018) ,MAZDA2 (MY2018) - XD High Connect - White Pearl,2,1.5,XD High Connect,2018
DH0GRAE_2,MAZDA2  (MY2018) ,MAZDA2 (MY2018) - XD High Connect - Soul Red Crystal,2,1.5,XD High Connect,2018
DH0GRAE_3,MAZDA2  (MY2018) ,MAZDA2 (MY2018) - XD High Connect - Machine Grey,2,1.5,XD High Connect,2018
DH0GRAF,MAZDA2  (MY2018) ,MAZDA2 (MY2018) - XD High Plus L,2,1.5,XD High Plus L,2018
DH0GRAF_1,MAZDA2  (MY2018) ,MAZDA2 (MY2018) - XD High Plus L - White Pearl,2,1.5,XD High Plus L,2018
DH0GRAF_2,MAZDA2  (MY2018) ,MAZDA2 (MY2018) - XD High Plus L - Soul Red Crystal,2,1.5,XD High Plus L,2018
DH0GRAF_3,MAZDA2  (MY2018) ,MAZDA2 (MY2018) - XD High Plus L - Machine Grey,2,1.5,XD High Plus L,2018
DHP4RAB,MAZDA2  (MY2019) ,MAZDA2 (MY2019) - 1.3 E Sports,2,1.3,E Sports,2019
DHP4RAB_1,MAZDA2  (MY2019) ,MAZDA2 (MY2019) - 1.3 E Sports - White Pearl,2,1.3,E Sports,2019
DHP4RAB_2,MAZDA2  (MY2019) ,MAZDA2 (MY2019) - 1.3 E Sports - Machine Grey,2,1.3,E Sports,2019
DHP4RAB_3,MAZDA2  (MY2019) ,MAZDA2 (MY2019) - 1.3 E Sports - Soul Red Crystal,2,1.3,E Sports,2019
DHP4RAA,MAZDA2  (MY2019) ,MAZDA2 (MY2019) - 1.3 C Sports,2,1.3,C Sports,2019
DHP4RAA_1,MAZDA2  (MY2019) ,MAZDA2 (MY2019) - 1.3 C Sports - White Pearl,2,1.3,C Sports,2019
DHP4RAA_2,MAZDA2  (MY2019) ,MAZDA2 (MY2019) - 1.3 C Sports - Machine Grey,2,1.3,C Sports,2019
DHP4RAA_3,MAZDA2  (MY2019) ,MAZDA2 (MY2019) - 1.3 C Sports - Soul Red Crystal,2,1.3,C Sports,2019
DHP4RAD,MAZDA2  (MY2019) ,MAZDA2 (MY2019) - 1.3 S Sports,2,1.3,S Sports,2019
DHP4RAD_1,MAZDA2  (MY2019) ,MAZDA2 (MY2019) - 1.3 S Sports - White Pearl,2,1.3,S Sports,2019
DHP4RAD_2,MAZDA2  (MY2019) ,MAZDA2 (MY2019) - 1.3 S Sports - Machine Grey,2,1.3,S Sports,2019
DHP4RAD_3,MAZDA2  (MY2019) ,MAZDA2 (MY2019) - 1.3 S Sports - Soul Red Crystal,2,1.3,S Sports,2019
DHP4RAE,MAZDA2  (MY2019) ,MAZDA2 (MY2019) - 1.3 S Sports Leather,2,1.3,S Sports Leather,2019
DHP4RAE_1,MAZDA2  (MY2019) ,MAZDA2 (MY2019) - 1.3 S Sports Leather - White Pearl,2,1.3,S Sports Leather,2019
DHP4RAE_2,MAZDA2  (MY2019) ,MAZDA2 (MY2019) - 1.3 S Sports Leather - Machine Grey,2,1.3,S Sports Leather,2019
DHP4RAE_3,MAZDA2  (MY2019) ,MAZDA2 (MY2019) - 1.3 S Sports Leather - Soul Red Crystal,2,1.3,S Sports Leather,2019
DHP4RAC,MAZDA2  (MY2019) ,MAZDA2 (MY2019) - 1.3 SP Sports,2,1.3,SP Sports,2019
DHP4RAC_1,MAZDA2  (MY2019) ,MAZDA2 (MY2019) - 1.3 SP Sports - White Pearl,2,1.3,SP Sports,2019
DHP4RAC_2,MAZDA2  (MY2019) ,MAZDA2 (MY2019) - 1.3 SP Sports - Machine Grey,2,1.3,SP Sports,2019
DHP4RAC_3,MAZDA2  (MY2019) ,MAZDA2 (MY2019) - 1.3 SP Sports - Soul Red Crystal,2,1.3,SP Sports,2019
DHP5RAD,MAZDA2  (MY2019) ,MAZDA2 (MY2019) - XD Sports,2,1.5,XD Sports,2019
DHP5RAD_1,MAZDA2  (MY2019) ,MAZDA2 (MY2019) - XD Sports - White Pearl,2,1.5,XD Sports,2019
DHP5RAD_2,MAZDA2  (MY2019) ,MAZDA2 (MY2019) - XD Sports - Machine Grey,2,1.5,XD Sports,2019
DHP5RAD_3,MAZDA2  (MY2019) ,MAZDA2 (MY2019) - XD Sports - Soul Red Crystal,2,1.5,XD Sports,2019
DHP5RAB,MAZDA2  (MY2019) ,MAZDA2 (MY2019) - XDL Sports,2,1.5,XDL Sports,2019
DHP5RAB_1,MAZDA2  (MY2019) ,MAZDA2 (MY2019) - XDL Sports - White Pearl,2,1.5,XDL Sports,2019
DHP5RAB_2,MAZDA2  (MY2019) ,MAZDA2 (MY2019) - XDL Sports - Machine Grey,2,1.5,XDL Sports,2019
DHP5RAB_3,MAZDA2  (MY2019) ,MAZDA2 (MY2019) - XDL Sports - Soul Red Crystal,2,1.5,XDL Sports,2019
DHS2RAB,MAZDA2  (MY2019) ,MAZDA2 (MY2019) - 1.3 E,2,1.3,E,2019
DHS2RAB_1,MAZDA2  (MY2019) ,MAZDA2 (MY2019) - 1.3 E - White Pearl,2,1.3,E,2019
DHS2RAB_2,MAZDA2  (MY2019) ,MAZDA2 (MY2019) - 1.3 E - Machine Grey,2,1.3,E,2019
DHS2RAB_3,MAZDA2  (MY2019) ,MAZDA2 (MY2019) - 1.3 E - Soul Red Crystal,2,1.3,E,2019
DHS2RAA,MAZDA2  (MY2019) ,MAZDA2 (MY2019) - 1.3 C,2,1.3,C,2019
DHS2RAA_1,MAZDA2  (MY2019) ,MAZDA2 (MY2019) - 1.3 C - White Pearl,2,1.3,C,2019
DHS2RAA_2,MAZDA2  (MY2019) ,MAZDA2 (MY2019) - 1.3 C - Machine Grey,2,1.3,C,2019
DHS2RAA_3,MAZDA2  (MY2019) ,MAZDA2 (MY2019) - 1.3 C - Soul Red Crystal,2,1.3,C,2019
DHS2RAD,MAZDA2  (MY2019) ,MAZDA2 (MY2019) - 1.3 S,2,1.3,S,2019
DHS2RAD_1,MAZDA2  (MY2019) ,MAZDA2 (MY2019) - 1.3 S - White Pearl,2,1.3,S,2019
DHS2RAD_2,MAZDA2  (MY2019) ,MAZDA2 (MY2019) - 1.3 S - Machine Grey,2,1.3,S,2019
DHS2RAD_3,MAZDA2  (MY2019) ,MAZDA2 (MY2019) - 1.3 S - Soul Red Crystal,2,1.3,S,2019
DHS2RAE,MAZDA2  (MY2019) ,MAZDA2 (MY2019) - 1.3 S Leather,2,1.3,S Leather,2019
DHS2RAE_1,MAZDA2  (MY2019) ,MAZDA2 (MY2019) - 1.3 S Leather - White Pearl,2,1.3,S Leather,2019
DHS2RAE_2,MAZDA2  (MY2019) ,MAZDA2 (MY2019) - 1.3 S Leather - Machine Grey,2,1.3,S Leather,2019
DHS2RAE_3,MAZDA2  (MY2019) ,MAZDA2 (MY2019) - 1.3 S Leather - Soul Red Crystal,2,1.3,S Leather,2019
DHS2RAC,MAZDA2  (MY2019) ,MAZDA2 (MY2019) - 1.3 SP,2,1.3,SP,2019
DHS2RAC_1,MAZDA2  (MY2019) ,MAZDA2 (MY2019) - 1.3 SP - White Pearl,2,1.3,SP,2019
DHS2RAC_2,MAZDA2  (MY2019) ,MAZDA2 (MY2019) - 1.3 SP - Machine Grey,2,1.3,SP,2019
DHS2RAC_3,MAZDA2  (MY2019) ,MAZDA2 (MY2019) - 1.3 SP - Soul Red Crystal,2,1.3,SP,2019
DHS3RAD,MAZDA2  (MY2019) ,MAZDA2 (MY2019) - XD,2,1.5,XD,2019
DHS3RAD_1,MAZDA2  (MY2019) ,MAZDA2 (MY2019) - XD - White Pearl,2,1.5,XD,2019
DHS3RAD_2,MAZDA2  (MY2019) ,MAZDA2 (MY2019) - XD - Machine Grey,2,1.5,XD,2019
DHS3RAD_3,MAZDA2  (MY2019) ,MAZDA2 (MY2019) - XD - Soul Red Crystal,2,1.5,XD,2019
DHS3RAB,MAZDA2  (MY2019) ,MAZDA2 (MY2019) - XDL,2,1.5,XDL,2019
DHS3RAB_1,MAZDA2  (MY2019) ,MAZDA2 (MY2019) - XDL - White Pearl,2,1.5,XDL,2019
DHS3RAB_2,MAZDA2  (MY2019) ,MAZDA2 (MY2019) - XDL - Machine Grey,2,1.5,XDL,2019
DHS3RAB_3,MAZDA2  (MY2019) ,MAZDA2 (MY2019) - XDL - Soul Red Crystal,2,1.5,XDL,2019
ZV2DRAA,MAZDA CX-8 (MY2020),ALL NEW MAZDA CX-8 2.5 S,CX-8,2.5,S,2020
ZV2DRAA_1,MAZDA CX-8 (MY2020),ALL NEW MAZDA CX-8 2.5 S - White Pearl,CX-8,2.5,S,2020
ZV2DRAA_2,MAZDA CX-8 (MY2020),ALL NEW MAZDA CX-8 2.5 S - Machine Grey,CX-8,2.5,S,2020
ZV2DRAA_3,MAZDA CX-8 (MY2020),ALL NEW MAZDA CX-8 2.5 S - Soul Red,CX-8,2.5,S,2020
ZV2DRAB,MAZDA CX-8 (MY2020),ALL NEW MAZDA CX-8 2.5 SP,CX-8,2.5,SP,2020
ZV2DRAB_1,MAZDA CX-8 (MY2020),ALL NEW MAZDA CX-8 2.5 SP - White Pearl,CX-8,2.5,SP,2020
ZV2DRAB_2,MAZDA CX-8 (MY2020),ALL NEW MAZDA CX-8 2.5 SP - Machine Grey,CX-8,2.5,SP,2020
ZV2DRAB_3,MAZDA CX-8 (MY2020),ALL NEW MAZDA CX-8 2.5 SP - Soul Red,CX-8,2.5,SP,2020
ZV2ERAA,MAZDA CX-8 (MY2020),ALL NEW MAZDA CX-8 2.2 XDL,CX-8,2.2,XDL,2020
ZV2ERAA_1,MAZDA CX-8 (MY2020),ALL NEW MAZDA CX-8 2.2 XDL - White Pearl,CX-8,2.2,XDL,2020
ZV2ERAA_2,MAZDA CX-8 (MY2020),ALL NEW MAZDA CX-8 2.2 XDL - Machine Grey,CX-8,2.2,XDL,2020
ZV2ERAA_3,MAZDA CX-8 (MY2020),ALL NEW MAZDA CX-8 2.2 XDL - Soul Red,CX-8,2.2,XDL,2020
ZV2FRAA,MAZDA CX-8 (MY2020),ALL NEW MAZDA CX-8 2.2 XDL EXCLUSIVE,CX-8,2.2,XDL Exclusive 4WD,2020
ZV2FRAA_1,MAZDA CX-8 (MY2020),ALL NEW MAZDA CX-8 2.2 XDL EXCLUSIVE - White Pearl,CX-8,2.2,XDL Exclusive 4WD,2020
ZV2FRAA_2,MAZDA CX-8 (MY2020),ALL NEW MAZDA CX-8 2.2 XDL EXCLUSIVE - Machine Grey,CX-8,2.2,XDL Exclusive 4WD,2020
ZV2FRAA_3,MAZDA CX-8 (MY2020),ALL NEW MAZDA CX-8 2.2 XDL EXCLUSIVE - Soul Red,CX-8,2.2,XDL Exclusive 4WD,2020
DHA9RAA,MAZDA CX-30 (MY2020),ALL NEW MAZDA CX-30 2.0 C,CX-30,2.0,C,2020
DHA9RAA_1,MAZDA CX-30 (MY2020),ALL NEW MAZDA CX-30 2.0 C - White Pearl,CX-30,2.0,C,2020
DHA9RAA_2,MAZDA CX-30 (MY2020),ALL NEW MAZDA CX-30 2.0 C - Machine Grey,CX-30,2.0,C,2020
DHA9RAA_3,MAZDA CX-30 (MY2020),ALL NEW MAZDA CX-30 2.0 C - Soul Red,CX-30,2.0,C,2020
DHA9RAB,MAZDA CX-30 (MY2020),ALL NEW MAZDA CX-30 2.0 S,CX-30,2.0,S,2020
DHA9RAB_1,MAZDA CX-30 (MY2020),ALL NEW MAZDA CX-30 2.0 S - White Pearl,CX-30,2.0,S,2020
DHA9RAB_2,MAZDA CX-30 (MY2020),ALL NEW MAZDA CX-30 2.0 S - Machine Grey,CX-30,2.0,S,2020
DHA9RAB_3,MAZDA CX-30 (MY2020),ALL NEW MAZDA CX-30 2.0 S - Soul Red,CX-30,2.0,S,2020
DHB1RAA,MAZDA CX-30 (MY2020),ALL NEW MAZDA CX-30 2.0 SP,CX-30,2.0,SP,2020
DHB1RAA_1,MAZDA CX-30 (MY2020),ALL NEW MAZDA CX-30 2.0 SP - White Pearl,CX-30,2.0,SP,2020
DHB1RAA_2,MAZDA CX-30 (MY2020),ALL NEW MAZDA CX-30 2.0 SP - Machine Grey,CX-30,2.0,SP,2020
DHB1RAA_3,MAZDA CX-30 (MY2020),ALL NEW MAZDA CX-30 2.0 SP - Soul Red,CX-30,2.0,SP,2020
DM7SRAE,MAZDA CX-3 (MY2020),Mazda CX-3 2.0 BASE,CX-3,2.0,Base,2020
DM7SRAE_1,MAZDA CX-3 (MY2020),Mazda CX-3 2.0 BASE - White Pearl,CX-3,2.0,Base,2020
DM7SRAE_2,MAZDA CX-3 (MY2020),Mazda CX-3 2.0 BASE- Machine Grey,CX-3,2.0,Base,2020
DM7SRAE_3,MAZDA CX-3 (MY2020),Mazda CX-3 2.0 BASE - Soul Red,CX-3,2.0,Base,2020
DM7SRAD,MAZDA CX-3 (MY2020),Mazda CX-3 2.0 COMFORT,CX-3,2.0,Comfort,2020
DM7SRAD_1,MAZDA CX-3 (MY2020),Mazda CX-3 2.0 COMFORT - White Pearl,CX-3,2.0,Comfort,2020
DM7SRAD_2,MAZDA CX-3 (MY2020),Mazda CX-3 2.0 COMFORT- Machine Grey,CX-3,2.0,Comfort,2020
DM7SRAD_3,MAZDA CX-3 (MY2020),Mazda CX-3 2.0 COMFORT - Soul Red,CX-3,2.0,Comfort,2020
DM7SRAF,MAZDA CX-3 (MY2020),Mazda CX-3 2.0 PROACTIVE,CX-3,2.0,Proactive,2020
DM7SRAF_1,MAZDA CX-3 (MY2020),Mazda CX-3 2.0 PROACTIVE - White Pearl,CX-3,2.0,Proactive,2020
DM7SRAF_2,MAZDA CX-3 (MY2020),Mazda CX-3 2.0 PROACTIVE- Machine Grey,CX-3,2.0,Proactive,2020
DM7SRAF_3,MAZDA CX-3 (MY2020),Mazda CX-3 2.0 PROACTIVE - Soul Red,CX-3,2.0,Proactive,2020
DN2TRAC,MAZDA CX-3 (MY2020),Mazda CX-3 2.0 STYLE,CX-3,2.0,Style,2020
DN2TRAC_1,MAZDA CX-3 (MY2020),Mazda CX-3 2.0 STYLE - White Pearl,CX-3,2.0,Style,2020
DN2TRAC_2,MAZDA CX-3 (MY2020),Mazda CX-3 2.0 STYLE- Machine Grey,CX-3,2.0,Style,2020
DN2TRAC_3,MAZDA CX-3 (MY2020),Mazda CX-3 2.0 STYLE - Soul Red,CX-3,2.0,Style,2020
DFAGRAE,MAZDA CX-3 (MY21),Mazda CX-3 2.0 BASE,CX-3,2.0,Base,2021
DFAGRAE_1,MAZDA CX-3 (MY21),Mazda CX-3 2.0 BASE - White Pearl,CX-3,2.0,Base,2021
DFAGRAE_2,MAZDA CX-3 (MY21),Mazda CX-3 2.0 BASE- Machine Grey,CX-3,2.0,Base,2021
DFAGRAE_3,MAZDA CX-3 (MY21),Mazda CX-3 2.0 BASE - Soul Red,CX-3,2.0,Base,2021
DFAGRAD,MAZDA CX-3 (MY21),Mazda CX-3 2.0 BASE PLUS,CX-3,2.0,Base Plus,2021
DFAGRAD_1,MAZDA CX-3 (MY21),Mazda CX-3 2.0 BASE PLUS - White Pearl,CX-3,2.0,Base Plus,2021
DFAGRAD_2,MAZDA CX-3 (MY21),Mazda CX-3 2.0 BASE PLUS - Machine Grey,CX-3,2.0,Base Plus,2021
DFAGRAD_3,MAZDA CX-3 (MY21),Mazda CX-3 2.0 BASE PLUS - Soul Red,CX-3,2.0,Base Plus,2021
DFAHRAC,MAZDA CX-3 (MY21),Mazda CX-3 2.0 COMFORT,CX-3,2.0,Comfort,2021
DFAHRAC_1,MAZDA CX-3 (MY21),Mazda CX-3 2.0 COMFORT - White Pearl,CX-3,2.0,Comfort,2021
DFAHRAC_2,MAZDA CX-3 (MY21),Mazda CX-3 2.0 COMFORT- Machine Grey,CX-3,2.0,Comfort,2021
DFAHRAC_3,MAZDA CX-3 (MY21),Mazda CX-3 2.0 COMFORT - Soul Red,CX-3,2.0,Comfort,2021
DFAHRAB,MAZDA CX-3 (MY21),Mazda CX-3 2.0 PROACTIVE,CX-3,2.0,Proactive,2021
DFAHRAB_1,MAZDA CX-3 (MY21),Mazda CX-3 2.0 PROACTIVE - White Pearl,CX-3,2.0,Proactive,2021
DFAHRAB_2,MAZDA CX-3 (MY21),Mazda CX-3 2.0 PROACTIVE- Machine Grey,CX-3,2.0,Proactive,2021
DFAHRAB_3,MAZDA CX-3 (MY21),Mazda CX-3 2.0 PROACTIVE - Soul Red,CX-3,2.0,Proactive,2021
DHS2RAH,MAZDA2 (MY21) (Launch 4 Feb 21),MAZDA2 (MY2021) - 1.3 C,2,1.3,C,2021
DHS2RAH_1,MAZDA2 (MY21) (Launch 4 Feb 21),MAZDA2 (MY2021) - 1.3 C - White Pearl,2,1.3,C,2021
DHS2RAH_2,MAZDA2 (MY21) (Launch 4 Feb 21),MAZDA2 (MY2021) - 1.3 C - Machine Grey,2,1.3,C,2021
DHS2RAH_3,MAZDA2 (MY21) (Launch 4 Feb 21),MAZDA2 (MY2021) - 1.3 C - Soul Red Crystal,2,1.3,C,2021
DHS2RAJ,MAZDA2 (MY21) (Launch 4 Feb 21),MAZDA2 (MY2021) - 1.3 S,2,1.3,S,2021
DHS2RAJ_1,MAZDA2 (MY21) (Launch 4 Feb 21),MAZDA2 (MY2021) - 1.3 S - White Pearl,2,1.3,S,2021
DHS2RAJ_2,MAZDA2 (MY21) (Launch 4 Feb 21),MAZDA2 (MY2021) - 1.3 S - Machine Grey,2,1.3,S,2021
DHS2RAJ_3,MAZDA2 (MY21) (Launch 4 Feb 21),MAZDA2 (MY2021) - 1.3 S - Soul Red Crystal,2,1.3,S,2021
DHS2RAK,MAZDA2 (MY21) (Launch 4 Feb 21),MAZDA2 (MY2021) - 1.3 S Leather,2,1.3,S Leather,2021
DHS2RAK_1,MAZDA2 (MY21) (Launch 4 Feb 21),MAZDA2 (MY2021) - 1.3 S Leather - White Pearl,2,1.3,S Leather,2021
DHS2RAK_2,MAZDA2 (MY21) (Launch 4 Feb 21),MAZDA2 (MY2021) - 1.3 S Leather - Machine Grey,2,1.3,S Leather,2021
DHS2RAK_3,MAZDA2 (MY21) (Launch 4 Feb 21),MAZDA2 (MY2021) - 1.3 S Leather - Soul Red Crystal,2,1.3,S Leather,2021
DHS3RAE,MAZDA2 (MY21) (Launch 4 Feb 21),MAZDA2 (MY2021) - XD,2,1.5,XD,2021
DHS3RAE_1,MAZDA2 (MY21) (Launch 4 Feb 21),MAZDA2 (MY2021) - XD - White Pearl,2,1.5,XD,2021
DHS3RAE_2,MAZDA2 (MY21) (Launch 4 Feb 21),MAZDA2 (MY2021) - XD - Machine Grey,2,1.5,XD,2021
DHS3RAE_3,MAZDA2 (MY21) (Launch 4 Feb 21),MAZDA2 (MY2021) - XD - Soul Red Crystal,2,1.5,XD,2021
DHP4RAH,MAZDA2 (MY21) (Launch 4 Feb 21),MAZDA2 (MY2021) - 1.3 C Sports,2,1.3,C Sports,2021
DHP4RAH_1,MAZDA2 (MY21) (Launch 4 Feb 21),MAZDA2 (MY2021) - 1.3 C Sports - White Pearl,2,1.3,C Sports,2021
DHP4RAH_2,MAZDA2 (MY21) (Launch 4 Feb 21),MAZDA2 (MY2021) - 1.3 C Sports - Machine Grey,2,1.3,C Sports,2021
DHP4RAH_3,MAZDA2 (MY21) (Launch 4 Feb 21),MAZDA2 (MY2021) - 1.3 C Sports - Soul Red Crystal,2,1.3,C Sports,2021
DHP4RAJ,MAZDA2 (MY21) (Launch 4 Feb 21),MAZDA2 (MY2021) - 1.3 S Sports,2,1.3,S Sports,2021
DHP4RAJ_1,MAZDA2 (MY21) (Launch 4 Feb 21),MAZDA2 (MY2021) - 1.3 S Sports - White Pearl,2,1.3,S Sports,2021
DHP4RAJ_2,MAZDA2 (MY21) (Launch 4 Feb 21),MAZDA2 (MY2021) - 1.3 S Sports - Machine Grey,2,1.3,S Sports,2021
DHP4RAJ_3,MAZDA2 (MY21) (Launch 4 Feb 21),MAZDA2 (MY2021) - 1.3 S Sports - Soul Red Crystal,2,1.3,S Sports,2021
DHP4RAK,MAZDA2 (MY21) (Launch 4 Feb 21),MAZDA2 (MY2021) - 1.3 S Sports Leather,2,1.3,S Sports Leather,2021
DHP4RAK_1,MAZDA2 (MY21) (Launch 4 Feb 21),MAZDA2 (MY2021) - 1.3 S Sports Leather - White Pearl,2,1.3,S Sports Leather,2021
DHP4RAK_2,MAZDA2 (MY21) (Launch 4 Feb 21),MAZDA2 (MY2021) - 1.3 S Sports Leather - Machine Grey,2,1.3,S Sports Leather,2021
DHP4RAK_3,MAZDA2 (MY21) (Launch 4 Feb 21),MAZDA2 (MY2021) - 1.3 S Sports Leather - Soul Red Crystal,2,1.3,S Sports Leather,2021
DHP5RAE,MAZDA2 (MY21) (Launch 4 Feb 21),MAZDA2 (MY2021) - XD Sports,2,1.5,XD Sports,2021
DHP5RAE_1,MAZDA2 (MY21) (Launch 4 Feb 21),MAZDA2 (MY2021) - XD Sports - White Pearl,2,1.5,XD Sports,2021
DHP5RAE_2,MAZDA2 (MY21) (Launch 4 Feb 21),MAZDA2 (MY2021) - XD Sports - Machine Grey,2,1.5,XD Sports,2021
DHP5RAE_3,MAZDA2 (MY21) (Launch 4 Feb 21),MAZDA2 (MY2021) - XD Sports - Soul Red Crystal,2,1.5,XD Sports,2021
ZP77RAC,MAZDA CX-5 (MY2021),CX-5 2.0 S,CX-5,2.0,S,2021
ZP77RAC_1,MAZDA CX-5 (MY2021),CX-5 2.0 S - White Pearl,CX-5,2.0,S,2021
ZP77RAC_2,MAZDA CX-5 (MY2021),CX-5 2.0 S - Machine Grey,CX-5,2.0,S,2021
ZP77RAC_3,MAZDA CX-5 (MY2021),CX-5 2.0 S - Soul Red Crystal,CX-5,2.0,S,2021
ZP78RAB,MAZDA CX-5 (MY2021),CX-5 2.0 SP,CX-5,2.0,SP,2021
ZP78RAB_1,MAZDA CX-5 (MY2021),CX-5 2.0 SP - White Pearl,CX-5,2.0,SP,2021
ZP78RAB_2,MAZDA CX-5 (MY2021),CX-5 2.0 SP - Machine Grey,CX-5,2.0,SP,2021
ZP78RAB_3,MAZDA CX-5 (MY2021),CX-5 2.0 SP - Soul Red Crystal,CX-5,2.0,SP,2021
ZP82RAB,MAZDA CX-5 (MY2021),CX-5 2.2 XDL,CX-5,2.2,XDL 4WD,2021
ZP82RAB_1,MAZDA CX-5 (MY2021),CX-5 2.2 XDL - White Pearl,CX-5,2.2,XDL 4WD,2021
ZP82RAB_2,MAZDA CX-5 (MY2021),CX-5 2.2 XDL - Machine Grey,CX-5,2.2,XDL 4WD,2021
ZP82RAB_3,MAZDA CX-5 (MY2021),CX-5 2.2 XDL - Soul Red Crystal,CX-5,2.2,XDL 4WD,2021
ZP80RAB,MAZDA CX-5 (MY2021),CX-5 2.5 SP Turbo,CX-5,2.5,Turbo SP 4WD,2021
ZP80RAB_1,MAZDA CX-5 (MY2021),CX-5 2.5 SP Turbo  - White Pearl,CX-5,2.5,Turbo SP 4WD,2021
ZP80RAB_2,MAZDA CX-5 (MY2021),CX-5 2.5 SP Turbo - Machine Grey,CX-5,2.5,Turbo SP 4WD,2021
ZP80RAB_3,MAZDA CX-5 (MY2021),CX-5 2.5 SP Turbo - Soul Red Crystal,CX-5,2.5,Turbo SP 4WD,2021
ZV2DRAF,MAZDA CX-8 (MY2021),CX-8 2.5 S,CX-8,2.5,S,2021
ZV2DRAF_1,MAZDA CX-8 (MY2021),CX-8 2.5 S - White Pearl,CX-8,2.5,S,2021
ZV2DRAF_2,MAZDA CX-8 (MY2021),CX-8 2.5 S - Machine Grey,CX-8,2.5,S,2021
ZV2DRAF_3,MAZDA CX-8 (MY2021),CX-8 2.5 S - Soul Red Crystal,CX-8,2.5,S,2021
ZV2DRAG,MAZDA CX-8 (MY2021),CX-8 2.5 SP,CX-8,2.5,SP,2021
ZV2DRAG_1,MAZDA CX-8 (MY2021),CX-8 2.5 SP - White Pearl,CX-8,2.5,SP,2021
ZV2DRAG_2,MAZDA CX-8 (MY2021),CX-8 2.5 SP - Machine Grey,CX-8,2.5,SP,2021
ZV2DRAG_3,MAZDA CX-8 (MY2021),CX-8 2.5 SP - Soul Red Crystal,CX-8,2.5,SP,2021
ZV2DRAH,MAZDA CX-8 (MY2021),CX-8 2.5 SP EXCLUSIVE,CX-8,2.5,SP Exclusive,2021
ZV2DRAH_1,MAZDA CX-8 (MY2021),CX-8 2.5 SP EXCLUSIVE  - White Pearl,CX-8,2.5,SP Exclusive,2021
ZV2DRAH_2,MAZDA CX-8 (MY2021),CX-8 2.5 SP EXCLUSIVE - Machine Grey,CX-8,2.5,SP Exclusive,2021
ZV2DRAH_3,MAZDA CX-8 (MY2021),CX-8 2.5 SP EXCLUSIVE - Soul Red Crystal,CX-8,2.5,SP Exclusive,2021
ZV2ERAB,MAZDA CX-8 (MY2021),CX-8 2.2 XDL,CX-8,2.2,XDL,2021
ZV2ERAB_1,MAZDA CX-8 (MY2021),CX-8 2.2 XDL - White Pearl,CX-8,2.2,XDL,2021
ZV2ERAB_2,MAZDA CX-8 (MY2021),CX-8 2.2 XDL - Machine Grey,CX-8,2.2,XDL,2021
ZV2ERAB_3,MAZDA CX-8 (MY2021),CX-8 2.2 XDL - Soul Red Crystal,CX-8,2.2,XDL,2021
DHFRRAB,MAZDA CX-3 (MY2022),2.0 BASE,CX-3,2.0,Base,2022
DHFRRAB_1,MAZDA CX-3 (MY2022),2.0 BASE - White Pearl,CX-3,2.0,Base,2022
DHFRRAB_2,MAZDA CX-3 (MY2022),2.0 BASE- Machine Grey,CX-3,2.0,Base,2022
DHFRRAB_3,MAZDA CX-3 (MY2022),2.0 BASE - Soul Red,CX-3,2.0,Base,2022
DHFRRAA,MAZDA CX-3 (MY2022),2.0 BASE PLUS,CX-3,2.0,Base Plus,2022
DHFRRAA_1,MAZDA CX-3 (MY2022),2.0 BASE PLUS - White Pearl,CX-3,2.0,Base Plus,2022
DHFRRAA_2,MAZDA CX-3 (MY2022),2.0 BASE PLUS - Machine Grey,CX-3,2.0,Base Plus,2022
DHFRRAA_3,MAZDA CX-3 (MY2022),2.0 BASE PLUS - Soul Red,CX-3,2.0,Base Plus,2022
DHFSRAA,MAZDA CX-3 (MY2022),2.0 COMFORT,CX-3,2.0,Comfort,2022
DHFSRAA_1,MAZDA CX-3 (MY2022),2.0 COMFORT - White Pearl,CX-3,2.0,Comfort,2022
DHFSRAA_2,MAZDA CX-3 (MY2022),2.0 COMFORT- Machine Grey,CX-3,2.0,Comfort,2022
DHFSRAA_3,MAZDA CX-3 (MY2022),2.0 COMFORT - Soul Red,CX-3,2.0,Comfort,2022
DLFCRAA,MAZDA CX-30 (MY2022),NEW MAZDA CX-30 2.0 C,CX-30,2.0,C,2022
DLFCRAA_1,MAZDA CX-30 (MY2022),NEW MAZDA CX-30 2.0 C - White Pearl,CX-30,2.0,C,2022
DLFCRAA_2,MAZDA CX-30 (MY2022),NEW MAZDA CX-30 2.0 C - Machine Grey,CX-30,2.0,C,2022
DLFCRAA_3,MAZDA CX-30 (MY2022),NEW MAZDA CX-30 2.0 C - Soul Red,CX-30,2.0,C,2022
DLFCRAB,MAZDA CX-30 (MY2022),NEW MAZDA CX-30 2.0 S,CX-30,2.0,S,2022
DLFCRAB_1,MAZDA CX-30 (MY2022),NEW MAZDA CX-30 2.0 S - White Pearl,CX-30,2.0,S,2022
DLFCRAB_2,MAZDA CX-30 (MY2022),NEW MAZDA CX-30 2.0 S - Machine Grey,CX-30,2.0,S,2022
DLFCRAB_3,MAZDA CX-30 (MY2022),NEW MAZDA CX-30 2.0 S - Soul Red,CX-30,2.0,S,2022
DLFDRAA,MAZDA CX-30 (MY2022),NEW MAZDA CX-30 2.0 SP,CX-30,2.0,SP,2022
DLFDRAA_1,MAZDA CX-30 (MY2022),NEW MAZDA CX-30 2.0 SP - White Pearl,CX-30,2.0,SP,2022
DLFDRAA_2,MAZDA CX-30 (MY2022),NEW MAZDA CX-30 2.0 SP - Machine Grey,CX-30,2.0,SP,2022
DLFDRAA_3,MAZDA CX-30 (MY2022),NEW MAZDA CX-30 2.0 SP - Soul Red,CX-30,2.0,SP,2022
ZV3ERAB,MAZDA CX-8 (MY2022),New CX-8 2.5 S,CX-8,2.5,S,2022
ZV3ERAB_1,MAZDA CX-8 (MY2022),New CX-8 2.5 S - White Pearl,CX-8,2.5,S,2022
ZV3ERAB_2,MAZDA CX-8 (MY2022),New CX-8 2.5 S - Machine Grey,CX-8,2.5,S,2022
ZV3ERAB_3,MAZDA CX-8 (MY2022),New CX-8 2.5 S - Soul Red Crystal,CX-8,2.5,S,2022
ZV3ERAC,MAZDA CX-8 (MY2022),New CX-8 2.5 SP,CX-8,2.5,SP,2022
ZV3ERAC_1,MAZDA CX-8 (MY2022),New CX-8 2.5 SP - White Pearl,CX-8,2.5,SP,2022
ZV3ERAC_2,MAZDA CX-8 (MY2022),New CX-8 2.5 SP - Machine Grey,CX-8,2.5,SP,2022
ZV3ERAC_3,MAZDA CX-8 (MY2022),New CX-8 2.5 SP - Soul Red Crystal,CX-8,2.5,SP,2022
ZV3FRAC,MAZDA CX-8 (MY2022),New CX-8 2.5 SP EXCLUSIVE,CX-8,2.5,SP Exclusive,2022
ZV3FRAC_1,MAZDA CX-8 (MY2022),New CX-8 2.5 SP EXCLUSIVE  - White Pearl,CX-8,2.5,SP Exclusive,2022
ZV3FRAC_2,MAZDA CX-8 (MY2022),New CX-8 2.5 SP EXCLUSIVE - Machine Grey,CX-8,2.5,SP Exclusive,2022
ZV3FRAC_3,MAZDA CX-8 (MY2022),New CX-8 2.5 SP EXCLUSIVE - Soul Red Crystal,CX-8,2.5,SP Exclusive,2022
ZV3GRAA,MAZDA CX-8 (MY2022),New CX-8 2.2 XDL,CX-8,2.2,XDL,2022
ZV3GRAA_1,MAZDA CX-8 (MY2022),New CX-8 2.2 XDL - White Pearl,CX-8,2.2,XDL,2022
ZV3GRAA_2,MAZDA CX-8 (MY2022),New CX-8 2.2 XDL - Machine Grey,CX-8,2.2,XDL,2022
ZV3GRAA_3,MAZDA CX-8 (MY2022),New CX-8 2.2 XDL - Soul Red Crystal,CX-8,2.2,XDL,2022
ZV3HRAA,MAZDA CX-8 (MY2022),New CX-8 2.2 XDL EXCLUSIVE,CX-8,2.2,XDL Exclusive 4WD,2022
ZV3HRAA_1,MAZDA CX-8 (MY2022),New CX-8 2.2 XDL EXCLUSIVE- White Pearl,CX-8,2.2,XDL Exclusive 4WD,2022
ZV3HRAA_2,MAZDA CX-8 (MY2022),New CX-8 2.2 XDL EXCLUSIVE- Machine Grey,CX-8,2.2,XDL Exclusive 4WD,2022
ZV3HRAA_3,MAZDA CX-8 (MY2022),New CX-8 2.2 XDL EXCLUSIVE- Soul Red Crystal,CX-8,2.2,XDL Exclusive 4WD,2022
DGJNRAB,MAZDA2 (MY2022) ,MAZDA2 (MY2022) - 1.3 E,2,1.3,E,2022
DGJNRAB_1,MAZDA2 (MY2022) ,MAZDA2 (MY2022) - 1.3 E - White Pearl,2,1.3,E,2022
DGJNRAB_2,MAZDA2 (MY2022) ,MAZDA2 (MY2022) - 1.3 E - Machine Grey,2,1.3,E,2022
DGJNRAB_3,MAZDA2 (MY2022) ,MAZDA2 (MY2022) - 1.3 E - Soul Red Crystal,2,1.3,E,2022
DGJNRAA,MAZDA2 (MY2022) ,MAZDA2 (MY2022) - 1.3 C,2,1.3,C,2022
DGJNRAA_1,MAZDA2 (MY2022) ,MAZDA2 (MY2022) - 1.3 C - White Pearl,2,1.3,C,2022
DGJNRAA_2,MAZDA2 (MY2022) ,MAZDA2 (MY2022) - 1.3 C - Machine Grey,2,1.3,C,2022
DGJNRAA_3,MAZDA2 (MY2022) ,MAZDA2 (MY2022) - 1.3 C - Soul Red Crystal,2,1.3,C,2022
DGJNRAF,MAZDA2 (MY2022) ,MAZDA2 (MY2022) - 1.3 S Leather,2,1.3,S Leather,2022
DGJNRAF_1,MAZDA2 (MY2022) ,MAZDA2 (MY2022) - 1.3 S Leather - White Pearl,2,1.3,S Leather,2022
DGJNRAF_2,MAZDA2 (MY2022) ,MAZDA2 (MY2022) - 1.3 S Leather - Machine Grey,2,1.3,S Leather,2022
DGJNRAF_3,MAZDA2 (MY2022) ,MAZDA2 (MY2022) - 1.3 S Leather - Soul Red Crystal,2,1.3,S Leather,2022
DGJNRAC,MAZDA2 (MY2022) ,MAZDA2 (MY2022) - 1.3 SP,2,1.3,SP,2022
DGJNRAC_1,MAZDA2 (MY2022) ,MAZDA2 (MY2022) - 1.3 SP - White Pearl,2,1.3,SP,2022
DGJNRAC_2,MAZDA2 (MY2022) ,MAZDA2 (MY2022) - 1.3 SP - Machine Grey,2,1.3,SP,2022
DGJNRAC_3,MAZDA2 (MY2022) ,MAZDA2 (MY2022) - 1.3 SP - Soul Red Crystal,2,1.3,SP,2022
DGJPRAA,MAZDA2 (MY2022) ,MAZDA2 (MY2022) - 1.5 XDL,2,1.5,XDL,2022
DGJPRAA_1,MAZDA2 (MY2022) ,MAZDA2 (MY2022) - 1.5 XDL - White Pearl,2,1.5,XDL,2022
DGJPRAA_2,MAZDA2 (MY2022) ,MAZDA2 (MY2022) - 1.5 XDL - Machine Grey,2,1.5,XDL,2022
DGJPRAA_3,MAZDA2 (MY2022) ,MAZDA2 (MY2022) - 1.5 XDL - Soul Red Crystal,2,1.5,XDL,2022
DEMWRAA,MAZDA2 (MY2022) ,MAZDA2 (MY2022) - 1.3 E Sports,2,1.3,E Sports,2022
DEMWRAA_1,MAZDA2 (MY2022) ,MAZDA2 (MY2022) - 1.3 E Sports - White Pearl,2,1.3,E Sports,2022
DEMWRAA_2,MAZDA2 (MY2022) ,MAZDA2 (MY2022) - 1.3 E Sports - Machine Grey,2,1.3,E Sports,2022
DEMWRAA_3,MAZDA2 (MY2022) ,MAZDA2 (MY2022) - 1.3 E Sports - Soul Red Crystal,2,1.3,E Sports,2022
DEMWRAB,MAZDA2 (MY2022) ,MAZDA2 (MY2022) - 1.3 C Sports,2,1.3,C Sports,2022
DEMWRAB_1,MAZDA2 (MY2022) ,MAZDA2 (MY2022) - 1.3 C Sports - White Pearl,2,1.3,C Sports,2022
DEMWRAB_2,MAZDA2 (MY2022) ,MAZDA2 (MY2022) - 1.3 C Sports - Machine Grey,2,1.3,C Sports,2022
DEMWRAB_3,MAZDA2 (MY2022) ,MAZDA2 (MY2022) - 1.3 C Sports - Soul Red Crystal,2,1.3,C Sports,2022
DEMWRAF,MAZDA2 (MY2022) ,MAZDA2 (MY2022) - 1.3 S Sports Leather,2,1.3,S Sports Leather,2022
DEMWRAF_1,MAZDA2 (MY2022) ,MAZDA2 (MY2022) - 1.3 S Sports Leather - White Pearl,2,1.3,S Sports Leather,2022
DEMWRAF_2,MAZDA2 (MY2022) ,MAZDA2 (MY2022) - 1.3 S Sports Leather - Machine Grey,2,1.3,S Sports Leather,2022
DEMWRAF_3,MAZDA2 (MY2022) ,MAZDA2 (MY2022) - 1.3 S Sports Leather - Soul Red Crystal,2,1.3,S Sports Leather,2022
DEMWRAC,MAZDA2 (MY2022) ,MAZDA2 (MY2022) - 1.3 SP Sports,2,1.3,SP Sports,2022
DEMWRAC_1,MAZDA2 (MY2022) ,MAZDA2 (MY2022) - 1.3 SP Sports - White Pearl,2,1.3,SP Sports,2022
DEMWRAC_2,MAZDA2 (MY2022) ,MAZDA2 (MY2022) - 1.3 SP Sports - Machine Grey,2,1.3,SP Sports,2022
DEMWRAC_3,MAZDA2 (MY2022) ,MAZDA2 (MY2022) - 1.3 SP Sports - Soul Red Crystal,2,1.3,SP Sports,2022
DENARAA,MAZDA2 (MY2022) ,MAZDA2 (MY2022) - 1.5 XDL Sports,2,1.5,XDL Sports,2022
DENARAA_1,MAZDA2 (MY2022) ,MAZDA2 (MY2022) - 1.5 XDL Sports - White Pearl,2,1.5,XDL Sports,2022
DENARAA_2,MAZDA2 (MY2022) ,MAZDA2 (MY2022) - 1.5 XDL Sports - Machine Grey,2,1.5,XDL Sports,2022
DENARAA_3,MAZDA2 (MY2022) ,MAZDA2 (MY2022) - 1.5 XDL Sports - Soul Red Crystal,2,1.5,XDL Sports,2022
DNEPRAB,MAZDA2 (MY2023) ,MAZDA2 (MY23) - 1.3 C,2,1.3,C,2023
DNEPRAB_1,MAZDA2 (MY2023) ,MAZDA2 (MY23) - 1.3 C Snowflake White Pearl,2,1.3,C,2023
DNEPRAB_2,MAZDA2 (MY2023) ,MAZDA2 (MY23) - 1.3 C Machine Gray,2,1.3,C,2023
DNEPRAB_3,MAZDA2 (MY2023) ,MAZDA2 (MY23) - 1.3 C Soul Red Crystal,2,1.3,C,2023
DNEPRAC,MAZDA2 (MY2023) ,MAZDA2 (MY23) - 1.3 S,2,1.3,S,2023
DNEPRAC_1,MAZDA2 (MY2023) ,MAZDA2 (MY23) - 1.3 S Snowflake White Pearl,2,1.3,S,2023
DNEPRAC_2,MAZDA2 (MY2023) ,MAZDA2 (MY23) - 1.3 S Machine Gray,2,1.3,S,2023
DNEPRAC_3,MAZDA2 (MY2023) ,MAZDA2 (MY23) - 1.3 S Soul Red Crystal,2,1.3,S,2023
DNEPRAD,MAZDA2 (MY2023) ,MAZDA2 (MY23) - 1.3 SP,2,1.3,SP,2023
DNEPRAD_1,MAZDA2 (MY2023) ,MAZDA2 (MY23) - 1.3 SP Snowflake White Pearl,2,1.3,SP,2023
DNEPRAD_2,MAZDA2 (MY2023) ,MAZDA2 (MY23) - 1.3 SP Machine Gray,2,1.3,SP,2023
DNEPRAD_3,MAZDA2 (MY2023) ,MAZDA2 (MY23) - 1.3 SP Soul Red Crystal,2,1.3,SP,2023
DNERRAB,MAZDA2 (MY2023) ,MAZDA2 (MY23) - XD,2,1.5,XD,2023
DNERRAB_1,MAZDA2 (MY2023) ,MAZDA2 (MY23) - XD Snowflake White Pearl,2,1.5,XD,2023
DNERRAB_2,MAZDA2 (MY2023) ,MAZDA2 (MY23) - XD Machine Gray,2,1.5,XD,2023
DNERRAB_3,MAZDA2 (MY2023) ,MAZDA2 (MY23) - XD Soul Red Crystal,2,1.5,XD,2023
DNERRAA,MAZDA2 (MY2023) ,MAZDA2 (MY23) - XDL,2,1.5,XDL,2023
DNERRAA_1,MAZDA2 (MY2023) ,MAZDA2 (MY23) - XDL Snowflake White Pearl,2,1.5,XDL,2023
DNERRAA_2,MAZDA2 (MY2023) ,MAZDA2 (MY23) - XDL Machine Gray,2,1.5,XDL,2023
DNERRAA_3,MAZDA2 (MY2023) ,MAZDA2 (MY23) - XDL Soul Red Crystal,2,1.5,XDL,2023
DNFMRAB,MAZDA2 (MY2023) ,MAZDA2 (MY23) - 1.3 C Sports,2,1.3,C Sports,2023
DNFMRAB_1,MAZDA2 (MY2023) ,MAZDA2 (MY23) - 1.3 C Sports Snowflake White Pearl,2,1.3,C Sports,2023
DNFMRAB_2,MAZDA2 (MY2023) ,MAZDA2 (MY23) - 1.3 C Sports Machine Gray,2,1.3,C Sports,2023
DNFMRAB_3,MAZDA2 (MY2023) ,MAZDA2 (MY23) - 1.3 C Sports Soul Red Crystal,2,1.3,C Sports,2023
DNFMRAC,MAZDA2 (MY2023) ,MAZDA2 (MY23) - 1.3 S Sports,2,1.3,S Sports,2023
DNFMRAC_1,MAZDA2 (MY2023) ,MAZDA2 (MY23) - 1.3 S Sports Snowflake White Pearl,2,1.3,S Sports,2023
DNFMRAC_2,MAZDA2 (MY2023) ,MAZDA2 (MY23) - 1.3 S Sports Machine Gray,2,1.3,S Sports,2023
DNFMRAC_3,MAZDA2 (MY2023) ,MAZDA2 (MY23) - 1.3 S Sports Soul Red Crystal,2,1.3,S Sports,2023
DNFMRAD,MAZDA2 (MY2023) ,MAZDA2 (MY23) - 1.3 SP Sports,2,1.3,SP Sports,2023
DNFMRAD_1,MAZDA2 (MY2023) ,MAZDA2 (MY23) - 1.3 SP Sports Snowflake White Pearl,2,1.3,SP Sports,2023
DNFMRAD_2,MAZDA2 (MY2023) ,MAZDA2 (MY23) - 1.3 SP Sports Machine Gray,2,1.3,SP Sports,2023
DNFMRAD_3,MAZDA2 (MY2023) ,MAZDA2 (MY23) - 1.3 SP Sports Soul Red Crystal,2,1.3,SP Sports,2023
DNFNRAB,MAZDA2 (MY2023) ,MAZDA2 (MY23) - XD Sports,2,1.5,XD Sports,2023
DNFNRAB_1,MAZDA2 (MY2023) ,MAZDA2 (MY23) - XD Sports Snowflake White Pearl,2,1.5,XD Sports,2023
DNFNRAB_2,MAZDA2 (MY2023) ,MAZDA2 (MY23) - XD Sports Machine Gray,2,1.5,XD Sports,2023
DNFNRAB_3,MAZDA2 (MY2023) ,MAZDA2 (MY23) - XD Sports Soul Red Crystal,2,1.5,XD Sports,2023
DNFNRAA,MAZDA2 (MY2023) ,MAZDA2 (MY23) - XDL Sports,2,1.5,XDL Sports,2023
DNFNRAA_1,MAZDA2 (MY2023) ,MAZDA2 (MY23) - XDL Sports Snowflake White Pearl,2,1.5,XDL Sports,2023
DNFNRAA_2,MAZDA2 (MY2023) ,MAZDA2 (MY23) - XDL Sports Machine Gray,2,1.5,XDL Sports,2023
DNFNRAA_3,MAZDA2 (MY2023) ,MAZDA2 (MY23) - XDL Sports Soul Red Crystal,2,1.5,XDL Sports,2023
DNJDRAD,MAZDA CX-3 (MY2023) ,MAZDA CX-3 (MY23) 2.0 BASE,CX-3,2.0,Base,2023
DNJDRAD_1,MAZDA CX-3 (MY2023) ,MAZDA CX-3 (MY23) 2.0 BASE - White Pearl,CX-3,2.0,Base,2023
DNJDRAD_2,MAZDA CX-3 (MY2023) ,MAZDA CX-3 (MY23) 2.0 BASE- Machine Grey,CX-3,2.0,Base,2023
DNJDRAD_3,MAZDA CX-3 (MY2023) ,MAZDA CX-3 (MY23) 2.0 BASE - Soul Red Crystal,CX-3,2.0,Base,2023
DNJDRAE,MAZDA CX-3 (MY2023) ,MAZDA CX-3 (MY23) 2.0 BASE PLUS,CX-3,2.0,Base Plus,2023
DNJDRAE_1,MAZDA CX-3 (MY2023) ,MAZDA CX-3 (MY23) 2.0 BASE PLUS - White Pearl,CX-3,2.0,Base Plus,2023
DNJDRAE_2,MAZDA CX-3 (MY2023) ,MAZDA CX-3 (MY23) 2.0 BASE PLUS - Machine Grey,CX-3,2.0,Base Plus,2023
DNJDRAE_3,MAZDA CX-3 (MY2023) ,MAZDA CX-3 (MY23) 2.0 BASE PLUS - Soul Red Crystal,CX-3,2.0,Base Plus,2023
DNJERAB,MAZDA CX-3 (MY2023) ,MAZDA CX-3 (MY23) 2.0 COMFORT,CX-3,2.0,Comfort,2023
DNJERAB_1,MAZDA CX-3 (MY2023) ,MAZDA CX-3 (MY23) 2.0 COMFORT - White Pearl,CX-3,2.0,Comfort,2023
DNJERAB_2,MAZDA CX-3 (MY2023) ,MAZDA CX-3 (MY23) 2.0 COMFORT- Machine Grey,CX-3,2.0,Comfort,2023
DNJERAB_3,MAZDA CX-3 (MY2023) ,MAZDA CX-3 (MY23) 2.0 COMFORT - Soul Red Crystal,CX-3,2.0,Comfort,2023
DNJERAC,MAZDA CX-3 (MY2023) ,MAZDA CX-3 (MY23) 2.0 SPORT LUXE,CX-3,2.0,Sport Luxe,2023
DNJERAC_3,MAZDA CX-3 (MY2023) ,MAZDA CX-3 (MY23) 2.0 SPORT LUXE - Soul Red Crystal,CX-3,2.0,Sport Luxe,2023