index,car_year,brand,model,sub_model,sub_model_name,car_type,transmission,model_year_start,model_year_end,color,mile,date,webid,cost,ttb_bluebook_id,
172,2020,Mazda,3,2,S Sports,Hatchback,AT,19,24,other,52500,2023-10-25,mazda-3-s-sports-กรุงเทพและปริมณฑล-สุขุมวิท/12820696,748000,367,
2119,2011,Mazda,2,1.5,Spirit Sports,Hatchback,AT,9,14,white,137500,2023-10-25,mazda-2-spirit-sports-ภาคใต้-อำเภอเมืองสุราษฎร์ธานี/12341882,219000,319,
55,2019,Mazda,2,1.3,High Connect,Sedan,AT,15,25,silver,93175,2023-10-25,mazda-2-high-connect-กรุงเทพและปริมณฑล-มีนบุรี/12777919?auc=true,389000,98,
1474,2015,Mazda,3,2,S Sports,Hatchback,AT,14,18,brown,140629,2023-10-25,mazda-3-s-sports-กรุงเทพและปริมณฑล-พัฒนาการ-พระราม9ตัดใหม่/11963885?auc=true,399000,440,
103,2019,Mazda,2,1.3,High Connect,Sedan,AT,15,25,red,52500,2023-10-25,mazda-2-high-connect-กรุงเทพและปริมณฑล-อำเภอบางพลี/12687481,375000,98,
1165,2022,Mazda,3,2,SP Sports,Hatchback,AT,19,24,white,14838,2023-10-25,mazda-3-sp-sports-กรุงเทพและปริมณฑล-กาญจนาภิเษก/12213933?auc=true,898000,350,
1469,2016,Mazda,CX-3,2,SP,SUV,AT,15,19,red,82500,2023-10-25,mazda-cx-3-sp-กรุงเทพและปริมณฑล-กาญจนาภิเษก/7959414,449000,1011,
1938,2018,Mazda,CX-3,2,SP,SUV,AT,15,22,red,87500,2023-10-25,mazda-cx-3-sp-ภาคใต้-อำเภอเมืองภูเก็ต/12613484,585000,995,
2084,2015,Mazda,3,2,S Sports,Hatchback,AT,14,18,red,167500,2023-10-25,mazda-3-s-sports-กรุงเทพและปริมณฑล-กาญจนาภิเษก/12433053?auc=true,369000,440,
1793,2019,Mazda,2,1.3,High Connect,Sedan,AT,15,25,gray,29835,2023-10-25,mazda-2-high-connect-ภาคเหนือ-อำเภอเมืองเชียงราย/12813916,435000,98,
1878,2022,Mazda,2,1.3,C,Sedan,AT,15,25,white,7500,2023-10-25,mazda-2-c-กรุงเทพและปริมณฑล-สุขาภิบาล1-2-3/12766179?auc=true,399000,25,
121,2012,Mazda,2,1.5,Elegance Spirit,Sedan,AT,9,14,blue,27500,2023-10-25,mazda-2-elegance-spirit-ภาคอีสาน-อำเภอเมืองอุบลราชธานี/12646344,150000,290,
2033,2016,Mazda,2,1.3,High,Sedan,AT,15,25,white,147500,2023-10-25,mazda-2-high-กรุงเทพและปริมณฑล-กาญจนาภิเษก/12567260?auc=true,289000,176,
458,2017,Mazda,BT-50 PRO,2.2,FREE STYLE CAB Hi-Racer,Pickup,MT,14,21,black,207500,2023-10-25,mazda-bt-50-pro-hi-racer-กรุงเทพและปริมณฑล-กาญจนาภิเษก/12055057,359000,769,
678,2021,Mazda,2,1.3,S Leather Sports,Hatchback,AT,15,25,red,2500,2023-10-25,mazda-2-s-leather-sports-กรุงเทพและปริมณฑล-กาญจนาภิเษก/12815558,389000,54,
1475,2022,Mazda,CX-30,2,SP,SUV,AT,20,25,white,32188,2023-10-25,mazda-cx-30-sp-กรุงเทพและปริมณฑล-ศรีนครินทร์-เทพารักษ์/11472088?auc=true,899999,1024,
156,2021,Mazda,2,1.3,C,Sedan,AT,15,25,black,27500,2023-10-25,mazda-2-c-กรุงเทพและปริมณฑล-พหลโยธิน-บางซื่อ-จตุจักร/12760638,450900,42,
364,2021,Mazda,CX-30,2,SP,SUV,AT,20,25,white,82500,2023-10-25,mazda-cx-30-sp-กรุงเทพและปริมณฑล-พระราม3-สาทร-พระราม4/9920857,799000,1028,
566,2012,Mazda,2,1.5,Sports Groove,Hatchback,MT,9,14,white,77500,2023-10-25,mazda-2-sports-groove-กรุงเทพและปริมณฑล-อำเภอกระทุ่มแบน/12788649?auc=true,189000,283,
1261,2020,Mazda,3,2,S Sports,Hatchback,AT,19,24,black,22500,2023-10-25,mazda-3-s-sports-กรุงเทพและปริมณฑล-กาญจนาภิเษก/12293210,699000,367,
697,2016,Mazda,CX-5,2.2,XDL 4WD,SUV,AT,13,16,gray,105014,2023-10-25,mazda-cx-5-xdl-กรุงเทพและปริมณฑล-มีนบุรี/12500102,465000,1101,
1169,2015,Mazda,3,2,S,Sedan,AT,14,18,gray,117500,2023-10-25,mazda-3-s-ภาคตะวันออก-อำเภอเมืองระยอง/11208461,459000,437,
963,2015,Mazda,3,2,C Sports,Hatchback,AT,14,18,red,164043,2023-10-25,mazda-3-c-sports-กรุงเทพและปริมณฑล-กาญจนาภิเษก/12521354,389000,431,
645,2017,Mazda,2,1.3,Sports High Connect,Hatchback,AT,15,25,brown,12500,2023-10-25,mazda-2-sports-high-connect-กรุงเทพและปริมณฑล-อำเภอบางบัวทอง/12802011,349000,152,
1279,2014,Mazda,3,2,SP Sports,Hatchback,AT,14,18,red,167500,2023-10-25,mazda-3-sp-sports-กรุงเทพและปริมณฑล-กาญจนาภิเษก/12483852?auc=true,429000,461,
1317,2013,Mazda,3,1.6,Spirit Sports,Hatchback,AT,11,14,red,202500,2023-10-25,mazda-3-spirit-sports-กรุงเทพและปริมณฑล-ท่าพระ-วงเวียนใหญ่-พระราม2/12354852?auc=true,234000,469,
1822,2015,Mazda,3,2,E Sports,Hatchback,AT,14,18,brown,174559,2023-10-25,mazda-3-e-sports-กรุงเทพและปริมณฑล-อ่อนนุช/12786149?auc=true,359000,434,
1251,2019,Mazda,3,2,SP,Sedan,AT,19,24,red,42500,2023-10-25,mazda-3-sp-กรุงเทพและปริมณฑล-มีนบุรี/11911877?auc=true,768000,377,
1570,2012,Mazda,2,1.5,Elegance Maxx,Sedan,AT,9,14,sky,112500,2023-10-25,mazda-2-elegance-maxx-ภาคอีสาน-อำเภอเมืองขอนแก่น/10919848?auc=true,239000,285,
2148,2012,Mazda,2,1.5,Elegance Spirit,Sedan,AT,9,14,red,162500,2023-10-25,mazda-2-elegance-spirit-กรุงเทพและปริมณฑล-กาญจนาภิเษก/12190088,239000,291,
1874,2022,Mazda,CX-30,2,SP,SUV,AT,20,25,gray,19090,2023-10-25,mazda-cx-30-sp-กรุงเทพและปริมณฑล-ลำลูกกา/12768109?auc=true,859000,1024,
2009,2016,Mazda,BT-50 PRO,2.2,FREE STYLE CAB Hi-Racer,Pickup,MT,14,21,black,92500,2023-10-25,mazda-bt-50-pro-hi-racer-ภาคอีสาน-อำเภอเมืองบุรีรัมย์/12646654,369000,816,
476,2013,Mazda,2,1.5,Sports Groove,Hatchback,AT,9,14,sky,87500,2023-10-25,mazda-2-sports-groove-กรุงเทพและปริมณฑล-รามอินทรา-สุขาภิบาล5/12614051,199000,257,
961,2018,Mazda,CX-5,2,SP,SUV,AT,17,23,black,107500,2023-10-25,mazda-cx-5-sp-กรุงเทพและปริมณฑล-พหลโยธิน-บางซื่อ-จตุจักร/11375940,689000,1079,
2152,2013,Mazda,2,1.5,Elegance Spirit,Sedan,AT,9,14,silver,147500,2023-10-25,mazda-2-elegance-spirit-กรุงเทพและปริมณฑล-ศรีนครินทร์-เทพารักษ์/12157026?auc=true,239000,267,
1266,2021,Mazda,2,1.3,S Sports,Hatchback,AT,15,25,red,27500,2023-10-25,mazda-2-s-sports-กรุงเทพและปริมณฑล-นนทบุรี-รัตนาธิเบศร์/12461477?auc=true,459000,63,
2141,2008,Mazda,3,1.6,Spirit,Sedan,AT,5,10,black,287500,2023-10-25,mazda-3-spirit-ภาคตะวันออก-อำเภอบางละมุง/12201994,135000,534,
951,2019,Mazda,3,2,C Sports,Hatchback,AT,14,18,red,42500,2023-10-25,mazda-3-c-sports-กรุงเทพและปริมณฑล-กาญจนาภิเษก/12546142,499000,370,
1392,2017,Mazda,2,1.3,High Plus,Sedan,AT,15,25,red,102500,2023-10-25,mazda-2-high-plus-กรุงเทพและปริมณฑล-ท่าพระ-วงเวียนใหญ่-พระราม2/11897720?auc=true,324000,148,
281,2021,Mazda,CX-30,2,SP,SUV,AT,20,25,gray,47500,2023-10-25,mazda-cx-30-sp-กรุงเทพและปริมณฑล-นนทบุรี-รัตนาธิเบศร์/12752049,700000,1028,
303,2007,Mazda,3,1.6,Groove,Sedan,AT,5,10,white,122500,2023-10-25,mazda-3-groove-กรุงเทพและปริมณฑล-สุขุมวิท/12360649,110000,-1,
1375,2018,Mazda,2,1.3,High Connect,Sedan,AT,15,25,white,82902,2023-10-25,mazda-2-high-connect-ภาคตะวันออก-อำเภอเมืองชลบุรี/12188261?auc=true,419000,122,
1850,2012,Mazda,2,1.5,Spirit,Sedan,AT,9,14,gray,102500,2023-10-25,mazda-2-spirit-กรุงเทพและปริมณฑล-กาญจนาภิเษก/12782729,198000,317,
794,2017,Mazda,3,2,S Sports,Hatchback,AT,14,18,black,162500,2023-10-25,mazda-3-s-sports-กรุงเทพและปริมณฑล-รังสิต-บางปะอิน/12697441,528900,413,
864,2018,Mazda,CX-5,2,SP,SUV,AT,17,23,white,127500,2023-10-25,mazda-cx-5-sp-ภาคใต้-อำเภอเมืองสุราษฎร์ธานี/12773488,697000,1079,
1164,2021,Mazda,2,1.3,S Sports,Hatchback,AT,15,25,white,14248,2023-10-25,mazda-2-s-sports-กรุงเทพและปริมณฑล-กาญจนาภิเษก/11494521?auc=true,458000,62,
625,2022,Mazda,CX-30,2,S,SUV,AT,20,25,gray,22147,2023-10-25,mazda-cx-30-s-ภาคใต้-อำเภอเมืองภูเก็ต/12800692,799000,1023,
1666,2014,Mazda,3,2,S,Sedan,AT,14,18,black,113011,2023-10-25,mazda-3-s-กรุงเทพและปริมณฑล-ปิ่นเกล้า-ถนนบรมราชชนนี/12721098,373500,459,
496,2015,Mazda,2,1.5,XD Sports High Plus,Hatchback,AT,15,25,red,137500,2023-10-25,mazda-2-xd-sports-high-plus-กรุงเทพและปริมณฑล-พหลโยธิน-บางซื่อ-จตุจักร/12551712,388900,217,
1035,2015,Mazda,BT-50 PRO,2.2,FREE STYLE CAB Hi-Racer,Pickup,MT,14,21,black,107500,2023-10-25,mazda-bt-50-pro-hi-racer-กรุงเทพและปริมณฑล-พัฒนาการ-พระราม9ตัดใหม่/11903805?auc=true,299000,862,
2074,2017,Mazda,BT-50 PRO,2.2,FREE STYLE CAB Hi-Racer,Pickup,MT,14,21,black,132500,2023-10-25,mazda-bt-50-pro-hi-racer-ภาคอีสาน-อำเภอเมืองนครราชสีมา/12484236?auc=true,399000,769,
149,2015,Mazda,3,2,E,Sedan,AT,14,18,gray,132500,2023-10-25,mazda-3-e-กรุงเทพและปริมณฑล-อำเภอเมืองสมุทรปราการ/12481240,320000,433,
699,2012,Mazda,2,1.5,Sports Spirit,Hatchback,AT,9,14,gray,116882,2023-10-25,mazda-2-sports-spirit-กรุงเทพและปริมณฑล-มีนบุรี/12461729,215000,296,
529,2015,Mazda,3,2,Racing Series Limited Edition,Hatchback,AT,14,17,red,32500,2023-10-25,mazda-3-racing-series-limited-edition-กรุงเทพและปริมณฑล-อำเภอลำลูกกา/12841934,455000,430,
936,2012,Mazda,2,1.5,Elegance Groove,Sedan,AT,9,14,white,2500,2023-10-25,mazda-2-elegance-groove-กรุงเทพและปริมณฑล-บางนา-กิ่งแก้ว-ลาดกระบัง/12665003,199000,277,
826,2020,Mazda,2,1.3,S,Sedan,AT,15,25,gray,50452,2023-10-25,mazda-2-s-กรุงเทพและปริมณฑล-อ่อนนุช/12776114?auc=true,368000,82,
1356,2007,Mazda,3,1.6,V,Hatchback,AT,5,10,white,227500,2023-10-25,mazda-3-v-กรุงเทพและปริมณฑล-ท่าพระ-วงเวียนใหญ่-พระราม2/12329119?auc=true,139000,-1,
1369,2019,Mazda,2,1.3,C,Sedan,AT,15,25,black,2500,2023-10-25,mazda-2-c-กรุงเทพและปริมณฑล-บางนา-กิ่งแก้ว-ลาดกระบัง/11914071?auc=true,359000,88,
1579,2021,Mazda,CX-30,2,C,SUV,AT,20,25,gray,14744,2023-10-25,mazda-cx-30-c-กรุงเทพและปริมณฑล-รามอินทรา-สุขาภิบาล5/9330992,849000,1026,
626,2020,Mazda,CX-5,2.2,XDL 4WD,SUV,AT,17,23,red,79505,2023-10-25,mazda-cx-5-xdl-ภาคใต้-อำเภอเมืองภูเก็ต/12759831,799000,1061,
1532,2021,Mazda,CX-8,2.2,XDL Exclusive 4WD,SUV,AT,19,25,black,27500,2023-10-25,mazda-cx-8-xdl-exclusive-กรุงเทพและปริมณฑล-กาญจนาภิเษก/11323304,1599000,1136,
1725,2020,Mazda,CX-30,2,SP,SUV,AT,20,25,gray,34147,2023-10-25,mazda-cx-30-sp-กรุงเทพและปริมณฑล-กาญจนาภิเษก/11975499?auc=true,878000,1032,
1890,2016,Mazda,CX-3,2,SP,SUV,AT,15,22,red,143496,2023-10-25,mazda-cx-3-sp-ภาคอีสาน-อำเภอเมืองอุบลราชธานี/12593716?auc=true,499000,1011,
1425,2015,Mazda,2,1.5,XD High Plus L,Sedan,AT,15,25,red,82500,2023-10-25,mazda-2-xd-high-plus-l-กรุงเทพและปริมณฑล-อ่อนนุช/12059468,368000,213,
883,2016,Mazda,CX-3,2,S,SUV,AT,15,22,red,67500,2023-10-25,mazda-cx-3-s-กรุงเทพและปริมณฑล-เลียบด่วนรามอินทรา-เกษตรนวมินทร์/10870788,455000,1010,
1854,2021,Mazda,CX-30,2,SP,SUV,AT,20,25,red,83671,2023-10-25,mazda-cx-30-sp-กรุงเทพและปริมณฑล-กาญจนาภิเษก/12781260,718000,1028,
1489,2015,Mazda,3,2,E Sports,Hatchback,AT,14,18,white,152500,2023-10-25,mazda-3-e-sports-ภาคอีสาน-อำเภอปักธงชัย/11759495?auc=true,469000,434,
917,2019,Mazda,CX-3,2,S,SUV,AT,15,22,white,116000,2023-10-25,mazda-cx-3-s-กรุงเทพและปริมณฑล-อ่อนนุช/11726374,479000,984,
23,2015,Mazda,3,2,S,Sedan,AT,14,18,gray,117500,2023-10-25,mazda-3-s-ภาคตะวันออก-อำเภอเมืองชลบุรี/8928162?auc=true,459000,437,
397,2021,Mazda,2,1.3,S,Sedan,AT,15,25,red,27500,2023-10-25,mazda-2-s-กรุงเทพและปริมณฑล-กาญจนาภิเษก/11832918?auc=true,428000,60,
64,2019,Mazda,2,1.3,High Plus,Sedan,AT,15,25,red,46060,2023-10-25,mazda-2-high-plus-กรุงเทพและปริมณฑล-มีนบุรี/12597537?auc=true,419000,100,
863,2018,Mazda,2,1.3,Standard,Sedan,AT,15,25,red,52500,2023-10-25,mazda-2-standard-กรุงเทพและปริมณฑล-นนทบุรี-รัตนาธิเบศร์/12491527?auc=true,389000,130,
641,2020,Mazda,2,1.3,High Connect,Sedan,AT,15,25,red,52500,2023-10-25,mazda-2-high-connect-กรุงเทพและปริมณฑล-หลักสี่-สะพานใหม่-แจ้งวัฒนะ/11961517?auc=true,389000,-1,
411,2012,Mazda,2,1.5,Elegance Groove,Sedan,AT,9,14,red,74458,2023-10-25,mazda-2-elegance-groove-กรุงเทพและปริมณฑล-ท่าพระ-วงเวียนใหญ่-พระราม2/12315196,168000,277,
1974,2016,Mazda,3,2,S Sports,Hatchback,AT,14,18,brown,92500,2023-10-25,mazda-3-s-sports-กรุงเทพและปริมณฑล-กาญจนาภิเษก/12672460?auc=true,419000,423,
788,2019,Mazda,3,2,SP,Sedan,AT,19,24,white,57500,2023-10-25,mazda-3-sp-กรุงเทพและปริมณฑล-กาญจนาภิเษก/10912539?auc=true,639000,377,
1896,2018,Mazda,2,1.3,High Connect,Sedan,AT,15,25,red,86386,2023-10-25,mazda-2-high-connect-ภาคใต้-อำเภอหาดใหญ่/12479246,370000,116,
343,2019,Mazda,CX-5,2.5,Turbo SP 4WD,SUV,AT,17,23,red,47500,2023-10-25,mazda-cx-5-turbo-sp-ภาคใต้-อำเภอถลาง/12665765,1079000,1074,
659,2017,Mazda,3,2,E,Sedan,AT,14,18,brown,62471,2023-10-25,mazda-3-e-กรุงเทพและปริมณฑล-ท่าพระ-วงเวียนใหญ่-พระราม2/9388042?auc=true,399000,404,
130,2017,Mazda,2,1.3,Sports High,Hatchback,AT,15,25,gray,154705,2023-10-25,mazda-2-sports-high-กรุงเทพและปริมณฑล-รัชดาฯ-ห้วยขวาง-ลาดพร้าว-เพชรบุรีตัดใหม่/12814357?carsome=true,363900,150,
609,2012,Mazda,3,2,Maxx Sports,Hatchback,AT,11,14,white,296959,2023-10-25,mazda-3-maxx-sports-ภาคใต้-อำเภอเมืองสุราษฎร์ธานี/12621624?auc=true,279000,483,
204,2017,Mazda,2,1.3,High Connect,Sedan,AT,15,25,gray,127500,2023-10-25,mazda-2-high-connect-กรุงเทพและปริมณฑล-กาญจนาภิเษก/12760883,383900,145,
1160,2014,Mazda,3,2,S,Sedan,AT,14,18,brown,132500,2023-10-25,mazda-3-s-กรุงเทพและปริมณฑล-รามอินทรา-สุขาภิบาล5/12549557,379000,459,
846,2018,Mazda,2,1.3,High,Sedan,AT,15,25,black,142500,2023-10-25,mazda-2-high-กรุงเทพและปริมณฑล-นนทบุรี-รัตนาธิเบศร์/12419963,299000,118,
135,2021,Mazda,CX-30,2,SP,SUV,AT,20,25,white,47500,2023-10-25,mazda-cx-30-sp-กรุงเทพและปริมณฑล-ท่าพระ-วงเวียนใหญ่-พระราม2/12652824,880000,1028,
819,2016,Mazda,2,1.3,Sports High,Hatchback,AT,15,25,gray,92500,2023-10-25,mazda-2-sports-high-กรุงเทพและปริมณฑล-กาญจนาภิเษก/9533332,348000,197,
1276,2021,Mazda,CX-30,2,SP,SUV,AT,20,25,gray,2500,2023-10-25,mazda-cx-30-sp-กรุงเทพและปริมณฑล-กาญจนาภิเษก/12348575,899000,1028,
524,2018,Mazda,CX-5,2,C,SUV,AT,17,23,red,2500,2023-10-25,mazda-cx-5-c-กรุงเทพและปริมณฑล-กาญจนาภิเษก/12841153,699000,1076,
2016,2019,Mazda,3,2,C,Sedan,AT,14,18,red,22500,2023-10-25,mazda-3-c-กรุงเทพและปริมณฑล-ศรีนครินทร์-เทพารักษ์/12632551,529000,368,
1964,2011,Mazda,2,1.5,Elegance Groove,Sedan,AT,9,14,white,2500,2023-10-25,mazda-2-elegance-groove-ภาคใต้-อำเภอเมืองสงขลา/12686366,188000,301,
878,2020,Mazda,2,1.3,S Leather Sports,Hatchback,AT,15,25,gray,32500,2023-10-25,mazda-2-sports-high-connect-กรุงเทพและปริมณฑล-กาญจนาภิเษก/12522195?auc=true,444000,79,
426,2012,Mazda,BT-50 PRO,2.2,DOUBLE CAB Hi-Racer,Pickup,AT,14,21,black,197500,2023-10-25,mazda-bt-50-pro-hi-racer-กรุงเทพและปริมณฑล-ลำลูกกา/11733944,379000,933,
2070,2019,Mazda,2,1.3,High Connect,Sedan,AT,15,25,gray,47500,2023-10-25,mazda-2-high-connect-ภาคใต้-อำเภอเมืองภูเก็ต/10279216,379000,98,
1562,2017,Mazda,BT-50 PRO,2.2,FREE STYLE CAB Hi-Racer,Pickup,MT,14,21,white,97500,2023-10-25,mazda-bt-50-pro-hi-racer-ภาคอีสาน-อำเภอปักธงชัย/11201670?auc=true,415000,770,
1656,2018,Mazda,BT-50 PRO,2.2,FREE STYLE CAB V,Pickup,MT,14,21,gray,42500,2023-10-25,mazda-bt-50-pro-v-กรุงเทพและปริมณฑล-ศรีนครินทร์-เทพารักษ์/12855850,350900,778,
1939,2017,Mazda,2,1.3,High,Sedan,AT,15,22,white,112500,2023-10-25,mazda-2-high-ภาคอีสาน-อำเภอปักธงชัย/12712443?auc=true,399000,147,
1291,2019,Mazda,2,1.3,Sports High Connect,Hatchback,AT,15,25,red,162500,2023-10-25,mazda-2-sports-high-connect-กรุงเทพและปริมณฑล-ท่าพระ-วงเวียนใหญ่-พระราม2/12417442?auc=true,349000,101,
563,2021,Mazda,CX-3,2,Base Plus,SUV,AT,15,22,gray,23785,2023-10-25,mazda-cx-3-base-plus-กรุงเทพและปริมณฑล-กาญจนาภิเษก/12167517?auc=true,598000,961,
2069,2019,Mazda,2,1.3,High Connect,Sedan,AT,15,25,black,52500,2023-10-25,mazda-2-high-connect-ภาคใต้-อำเภอเมืองภูเก็ต/12301956,379000,98,
1928,2011,Mazda,2,1.5,Groove,Sedan,AT,9,14,black,147500,2023-10-25,mazda-2-groove-ภาคเหนือ-อำเภอเมืองลำพูน/11092609,199000,302,
2048,2019,Mazda,2,1.3,High Connect,Sedan,AT,15,25,red,2500,2023-10-25,mazda-2-high-connect-กรุงเทพและปริมณฑล-พัฒนาการ-พระราม9ตัดใหม่/12537637?auc=true,459000,98,
679,2019,Mazda,2,1.3,High Connect,Sedan,AT,15,25,silver,82500,2023-10-25,mazda-2-high-connect-ภาคเหนือ-อำเภอเมืองเชียงใหม่/12819134?auc=true,439000,98,
1290,2015,Mazda,2,1.3,Sports High Connect,Hatchback,AT,15,25,red,122500,2023-10-25,mazda-2-sports-high-connect-กรุงเทพและปริมณฑล-ท่าพระ-วงเวียนใหญ่-พระราม2/12417460?auc=true,329000,198,
61,2021,Mazda,2,1.3,S Leather,Sedan,AT,15,25,gray,55742,2023-10-25,mazda-2-s-leather-กรุงเทพและปริมณฑล-มีนบุรี/12495085?auc=true,454000,51,
2056,2015,Mazda,2,1.5,XD High Plus,Sedan,AT,15,25,red,107089,2023-10-25,mazda-2-xd-high-plus-ภาคตะวันออก-อำเภอเมืองชลบุรี/12526001?auc=true,359000,212,
1536,2020,Mazda,CX-8,2.5,SP,SUV,AT,19,25,gray,42500,2023-10-25,mazda-cx-8-sp-กรุงเทพและปริมณฑล-กาญจนาภิเษก/10867829,1168000,1148,
1040,2018,Mazda,CX-5,2.2,XDL 4WD,SUV,AT,17,23,red,92500,2023-10-25,mazda-cx-5-xdl-กรุงเทพและปริมณฑล-นนทบุรี-รัตนาธิเบศร์/8011952?auc=true,799000,1080,
1384,2013,Mazda,BT-50 PRO,2.2,FREE STYLE CAB Hi-Racer,Pickup,MT,14,21,gray,272500,2023-10-25,mazda-bt-50-pro-hi-racer-กรุงเทพและปริมณฑล-กาญจนาภิเษก/8672500,239000,923,
2023,2019,Mazda,BT-50 PRO,2.2,FREE STYLE CAB Hi-Racer,Pickup,MT,14,21,gray,46207,2023-10-25,mazda-bt-50-pro-hi-racer-ภาคเหนือ-อำเภอพาน/12595574,415000,715,
1433,2022,Mazda,CX-3,2,Base,SUV,AT,15,22,gray,32500,2023-10-25,mazda-cx-3-base-กรุงเทพและปริมณฑล-กาญจนาภิเษก/12180047,568000,953,
1278,2019,Mazda,2,1.3,High Connect,Sedan,AT,15,25,red,77500,2023-10-25,mazda-2-high-connect-ภาคใต้-อำเภอเมืองภูเก็ต/11966881,379000,98,
4,2016,Mazda,2,1.3,High Connect,Sedan,AT,15,25,red,152500,2023-10-25,mazda-2-high-connect-กรุงเทพและปริมณฑล-กาญจนาภิเษก/12846477,357900,177,
24,2017,Mazda,3,2,S Sports,Hatchback,AT,14,18,red,127500,2023-10-25,mazda-3-s-sports-ภาคตะวันออก-อำเภอเมืองชลบุรี/12172933?auc=true,519000,413,
1887,2019,Mazda,3,2,S Sports,Hatchback,AT,14,18,gray,167500,2023-10-25,mazda-3-s-sports-ภาคตะวันออก-อำเภอเมืองชลบุรี/12761663,479000,380,
970,2020,Mazda,3,2,C,Sedan,AT,19,24,gray,10000,2023-10-25,mazda-3-c-กรุงเทพและปริมณฑล-กาญจนาภิเษก/12530850,680000,360,
1454,2019,Mazda,2,1.3,Sports High Connect,Hatchback,AT,15,22,white,80237,2023-10-25,mazda-2-sports-high-connect-กรุงเทพและปริมณฑล-กาญจนาภิเษก/11434789,399000,101,
1150,2020,Mazda,2,1.3,High Connect,Sedan,AT,15,25,gray,57500,2023-10-25,mazda-2-high-connect-กรุงเทพและปริมณฑล-บางใหญ่-บางบัวทอง/12564380?auc=true,375000,-1,
445,2019,Mazda,3,2,SP,Sedan,AT,19,24,black,87500,2023-10-25,mazda-3-sp-กรุงเทพและปริมณฑล-พหลโยธิน-บางซื่อ-จตุจักร/12484591,777900,376,
663,2014,Mazda,3,2,S Sports,Hatchback,AT,14,18,white,92500,2023-10-25,mazda-3-s-sports-กรุงเทพและปริมณฑล-พัฒนาการ-พระราม9ตัดใหม่/12598454,365000,462,
79,2019,Mazda,2,1.3,High Connect,Sedan,AT,15,25,red,73842,2023-10-25,mazda-2-high-connect-กรุงเทพและปริมณฑล-รัชดาฯ-ห้วยขวาง-ลาดพร้าว-เพชรบุรีตัดใหม่/12759609?carsome=true,418900,98,
1128,2016,Mazda,BT-50 PRO,2.2,DOUBLE CAB Hi-Racer,Pickup,AT,14,21,black,127500,2023-10-25,mazda-bt-50-pro-hi-racer-ภาคตะวันตก-อำเภอบ้านโป่ง/12671954,387000,794,
502,2019,Mazda,CX-3,2,SP,SUV,AT,15,22,white,42500,2023-10-25,mazda-cx-3-sp-กรุงเทพและปริมณฑล-กาญจนาภิเษก/11024490,658000,986,
2051,2016,Mazda,2,1.3,High Connect,Sedan,AT,15,25,brown,116738,2023-10-25,mazda-2-high-connect-กรุงเทพและปริมณฑล-ศรีนครินทร์-เทพารักษ์/12533264,357800,177,
1,2012,Mazda,3,2,Maxx Sports,Hatchback,AT,11,14,brown,82000,2023-10-25,mazda-3-maxx-sports-กรุงเทพและปริมณฑล-มีนบุรี/10980528,269000,483,
1620,2014,Mazda,BT-50 PRO,2.2,DOUBLE CAB Hi-Racer,Pickup,AT,14,21,white,72500,2023-10-25,mazda-bt-50-pro-hi-racer-กรุงเทพและปริมณฑล-กาญจนาภิเษก/7320909?auc=true,479000,887,
924,2018,Mazda,CX-3,2,SP,SUV,AT,15,22,black,2500,2023-10-25,mazda-cx-3-sp-กรุงเทพและปริมณฑล-กาญจนาภิเษก/12752070,509000,996,
1141,2019,Mazda,CX-5,2,S,SUV,AT,17,23,black,142500,2023-10-25,mazda-cx-5-s-กรุงเทพและปริมณฑล-อ่อนนุช/11911594?auc=true,628000,1067,
817,2019,Mazda,BT-50 PRO,2.2,FREE STYLE CAB Hi-Racer,Pickup,MT,14,21,white,32500,2023-10-25,mazda-bt-50-pro-hi-racer-กรุงเทพและปริมณฑล-นนทบุรี-รัตนาธิเบศร์/12741392?auc=true,369000,715,
1623,2015,Mazda,3,2,S Sports,Hatchback,AT,14,18,gray,112500,2023-10-25,mazda-3-s-sports-ภาคอีสาน-อำเภอเมืองนครราชสีมา/12862375,389000,440,
1503,2020,Mazda,BT-50 PRO,2.2,DOUBLE CAB Hi-Racer,Pickup,MT,14,21,brown,42500,2023-10-25,mazda-bt-50-pro-hi-racer-ภาคตะวันออก-อำเภอศรีราชา/11842023?auc=true,489000,695,
1464,2019,Mazda,2,1.3,High Connect,Sedan,AT,15,25,black,21511,2023-10-25,mazda-2-high-connect-กรุงเทพและปริมณฑล-กาญจนาภิเษก/9954621?auc=true,418000,98,
97,2016,Mazda,3,2,C Sports,Hatchback,AT,14,18,gray,142500,2023-10-25,mazda-3-c-sports-กรุงเทพและปริมณฑล-สุขุมวิท/12539216,428000,417,
266,2014,Mazda,3,2,SP Sports,Hatchback,AT,14,18,brown,232500,2023-10-25,mazda-3-sp-sports-กรุงเทพและปริมณฑล-รามอินทรา-สุขาภิบาล5/12108782,420000,461,
2030,2015,Mazda,2,1.3,High Plus,Sedan,AT,15,25,red,80000,2023-10-25,mazda-2-high-plus-กรุงเทพและปริมณฑล-กาญจนาภิเษก/12564182,335000,196,
612,2020,Mazda,2,1.3,Sports High Connect,Hatchback,AT,15,25,silver,2500,2023-10-25,mazda-2-sports-high-connect-กรุงเทพและปริมณฑล-พัฒนาการ-พระราม9ตัดใหม่/12431361?auc=true,439000,-1,
143,2018,Mazda,3,2,E,Sedan,AT,14,18,gray,80000,2023-10-25,mazda-3-e-กรุงเทพและปริมณฑล-ศรีนครินทร์-เทพารักษ์/11463743,478000,386,
971,2019,Mazda,3,2,C,Sedan,AT,14,18,black,152500,2023-10-25,mazda-3-c-ภาคเหนือ-อำเภอเมืองเชียงใหม่/12698447?auc=true,459000,368,
228,2021,Mazda,2,1.3,S Sports,Hatchback,AT,15,25,black,32500,2023-10-25,mazda-2-s-sports-ภาคเหนือ-อำเภอเมืองเชียงใหม่/12525061,460000,63,
1999,2016,Mazda,CX-3,2,S,SUV,AT,15,22,white,177500,2023-10-25,mazda-cx-3-s-กรุงเทพและปริมณฑล-กาญจนาภิเษก/12340581?auc=true,459000,1010,
54,2017,Mazda,CX-5,2,S,SUV,AT,13,16,black,152500,2023-10-25,mazda-cx-5-s-กรุงเทพและปริมณฑล-กาญจนาภิเษก/11969985,559000,1088,
1669,2017,Mazda,3,2,SP,Sedan,AT,14,18,black,60671,2023-10-25,mazda-3-sp-กรุงเทพและปริมณฑล-รังสิต-บางปะอิน/12731043,575300,410,
759,2018,Mazda,2,1.3,Sports High Connect,Hatchback,AT,15,25,brown,107500,2023-10-25,mazda-2-sports-high-connect-กรุงเทพและปริมณฑล-อำเภอบางพลี/12449110,375000,122,
1463,2015,Mazda,2,1.5,XD,Sedan,AT,15,25,black,102500,2023-10-25,mazda-2-xd-กรุงเทพและปริมณฑล-กาญจนาภิเษก/11817239?auc=true,299900,209,
108,2010,Mazda,3,1.6,Spirit,Sedan,AT,5,10,silver,2500,2023-10-25,mazda-3-spirit-กรุงเทพและปริมณฑล-พัฒนาการ-พระราม9ตัดใหม่/11725331?auc=true,149000,-1,
2068,2018,Mazda,CX-5,2.2,XDL 4WD,SUV,AT,17,23,gray,2500,2023-10-25,mazda-cx-5-xdl-กรุงเทพและปริมณฑล-รัชดาฯ-ห้วยขวาง-ลาดพร้าว-เพชรบุรีตัดใหม่/12489106,825000,1080,
439,2017,Mazda,2,1.3,High Plus,Sedan,AT,15,25,blue,147500,2023-10-25,mazda-2-high-plus-กรุงเทพและปริมณฑล-รังสิต-บางปะอิน/12615332,397900,148,
713,2015,Mazda,3,2,SP Sports,Hatchback,AT,14,18,red,167042,2023-10-25,mazda-3-sp-sports-กรุงเทพและปริมณฑล-พัฒนาการ-พระราม9ตัดใหม่/12521233?auc=true,369000,439,
289,2021,Mazda,2,1.3,C Sports,Hatchback,AT,15,22,silver,37500,2023-10-25,mazda-2-c-sports-กรุงเทพและปริมณฑล-กาญจนาภิเษก/9546549?auc=true,429000,-1,
2,2021,Mazda,2,1.3,S Leather,Sedan,AT,15,25,gray,37500,2023-10-25,mazda-2-s-leather-ภาคอีสาน-อำเภอเมืองร้อยเอ็ด/12772555,390000,52,
2038,2018,Mazda,3,2,C Sports,Hatchback,AT,14,18,gray,82500,2023-10-25,mazda-3-c-sports-ภาคตะวันออก-อำเภอศรีราชา/10843905?auc=true,599000,384,
607,2017,Mazda,2,1.5,XD High Connect,Sedan,AT,15,25,brown,12500,2023-10-25,mazda-2-xd-high-connect-กรุงเทพและปริมณฑล-กาญจนาภิเษก/12831884,348000,163,
1273,2016,Mazda,CX-3,2,SP,SUV,AT,15,22,black,122500,2023-10-25,mazda-cx-3-sp-กรุงเทพและปริมณฑล-กาญจนาภิเษก/9866652,469000,1011,
301,2022,Mazda,CX-30,2,SP,SUV,AT,20,25,brown,42000,2023-10-25,mazda-cx-30-sp-กรุงเทพและปริมณฑล-กาญจนาภิเษก/12825196,839000,1024,
1515,2021,Mazda,CX-30,2,S,SUV,AT,20,25,white,82589,2023-10-25,mazda-cx-30-s-กรุงเทพและปริมณฑล-ศรีนครินทร์-เทพารักษ์/10162937?auc=true,759900,1027,
997,2017,Mazda,2,1.3,Sports High Connect,Hatchback,AT,15,25,black,117500,2023-10-25,mazda-2-sports-high-connect-กรุงเทพและปริมณฑล-กาญจนาภิเษก/12466776,359000,152,
146,2018,Mazda,3,2,SP Sports,Hatchback,AT,14,18,white,130000,2023-10-25,mazda-3-sp-sports-กรุงเทพและปริมณฑล-ศรีนครินทร์-เทพารักษ์/12663364,548000,394,
1690,2016,Mazda,2,1.3,Sports High Plus,Hatchback,AT,15,25,red,98844,2023-10-25,mazda-2-sports-high-plus-กรุงเทพและปริมณฑล-ท่าพระ-วงเวียนใหญ่-พระราม2/12371167,349700,181,
1088,2016,Mazda,3,2,C Sports,Hatchback,AT,14,18,red,2500,2023-10-25,mazda-3-c-sports-กรุงเทพและปริมณฑล-พัฒนาการ-พระราม9ตัดใหม่/9271513?auc=true,369000,417,
236,2019,Mazda,CX-5,2.2,XDL 4WD,SUV,AT,17,23,black,120349,2023-10-25,mazda-cx-5-xdl-กรุงเทพและปริมณฑล-ศรีนครินทร์-เทพารักษ์/11262176?auc=true,759999,1071,
1828,2015,Mazda,CX-5,2.2,XDL 4WD,SUV,AT,13,16,gray,112500,2023-10-25,mazda-cx-5-xdl-กรุงเทพและปริมณฑล-กาญจนาภิเษก/12798140,459000,1107,
2043,2012,Mazda,2,1.5,Elegance Spirit,Sedan,AT,9,14,white,156422,2023-10-25,mazda-2-elegance-spirit-ภาคใต้-อำเภอหาดใหญ่/12557851,225000,291,
1105,2013,Mazda,CX-5,2.2,XDL 4WD,SUV,AT,13,16,silver,142500,2023-10-25,mazda-cx-5-xdl-กรุงเทพและปริมณฑล-กาญจนาภิเษก/12606189?auc=true,479000,-1,
693,2020,Mazda,CX-30,2,S,SUV,AT,20,25,black,32500,2023-10-25,mazda-cx-30-s-กรุงเทพและปริมณฑล-กาญจนาภิเษก/12759611,819000,1031,
840,2013,Mazda,2,1.5,Elegance Spirit,Sedan,AT,9,14,black,37500,2023-10-25,mazda-2-elegance-spirit-กรุงเทพและปริมณฑล-กาญจนาภิเษก/12761448,238000,267,
1263,2021,Mazda,3,2,SP Sports,Hatchback,AT,19,24,white,47500,2023-10-25,mazda-3-sp-sports-กรุงเทพและปริมณฑล-ท่าพระ-วงเวียนใหญ่-พระราม2/12482478,899000,358,
2137,2016,Mazda,2,1.3,High Connect,Sedan,AT,15,25,black,67500,2023-10-25,mazda-2-high-connect-ภาคอีสาน-อำเภอเมืองร้อยเอ็ด/10488964,370000,177,
1818,2021,Mazda,3,2,SP Sports,Hatchback,AT,19,24,gray,27500,2023-10-25,mazda-3-sp-sports-กรุงเทพและปริมณฑล-กาญจนาภิเษก/12802587,778000,-1,
424,2017,Mazda,3,2,S Sports,Hatchback,AT,14,18,black,162276,2023-10-25,mazda-3-s-sports-กรุงเทพและปริมณฑล-รัชดาฯ-ห้วยขวาง-ลาดพร้าว-เพชรบุรีตัดใหม่/12521339?carsome=true,528900,413,
723,2019,Mazda,2,1.3,Sports High Connect,Hatchback,AT,15,25,white,82500,2023-10-25,mazda-2-sports-high-connect-กรุงเทพและปริมณฑล-รามอินทรา-สุขาภิบาล5/12737150,369000,101,
1176,2018,Mazda,CX-5,2,SP,SUV,AT,17,23,black,107500,2023-10-25,mazda-cx-5-sp-กรุงเทพและปริมณฑล-เลียบด่วนรามอินทรา-เกษตรนวมินทร์/12594058,660000,1079,
210,2017,Mazda,3,2,C Sports,Hatchback,AT,14,18,black,12500,2023-10-25,mazda-3-c-sports-กรุงเทพและปริมณฑล-พัฒนาการ-พระราม9ตัดใหม่/12374480,450000,402,
1131,2018,Mazda,2,1.3,Sports High Connect,Hatchback,AT,15,25,white,2500,2023-10-25,mazda-2-sports-high-connect-กรุงเทพและปริมณฑล-อำเภอนครชัยศรี/10911866,419000,122,
676,2015,Mazda,CX-5,2.2,XDL 4WD,SUV,AT,13,16,gray,2500,2023-10-25,mazda-cx-5-xdl-กรุงเทพและปริมณฑล-กาญจนาภิเษก/12272362,419000,1107,
2098,2010,Mazda,2,1.5,Spirit Sports,Hatchback,AT,9,14,sky,232500,2023-10-25,mazda-2-spirit-sports-กรุงเทพและปริมณฑล-ศรีนครินทร์-เทพารักษ์/12400075,149000,329,
354,2012,Mazda,BT-50 PRO,2.2,DOUBLE CAB Hi-Racer,Pickup,MT,14,21,white,70000,2023-10-25,mazda-bt-50-pro-hi-racer-กรุงเทพและปริมณฑล-ศรีนครินทร์-เทพารักษ์/11569642?auc=true,338000,932,
1361,2022,Mazda,2,1.3,E,Sedan,AT,15,25,gray,12500,2023-10-25,mazda-2-e-กรุงเทพและปริมณฑล-ศรีนครินทร์-เทพารักษ์/11595889,489000,27,
1297,2012,Mazda,2,1.5,Groove,Sedan,AT,9,14,white,157500,2023-10-25,mazda-2-groove-กรุงเทพและปริมณฑล-กาญจนาภิเษก/12199383,180000,277,
941,2014,Mazda,BT-50 PRO,2.2,DOUBLE CAB Hi-Racer,Pickup,AT,14,21,black,262500,2023-10-25,mazda-bt-50-pro-hi-racer-กรุงเทพและปริมณฑล-มีนบุรี/12738031?auc=true,279000,884,
1282,2016,Mazda,CX-3,2,E,SUV,AT,15,22,brown,63791,2023-10-25,mazda-cx-3-e-กรุงเทพและปริมณฑล-กาญจนาภิเษก/12071554?auc=true,397000,1009,
1380,2019,Mazda,2,1.3,High Connect,Sedan,AT,15,25,white,47500,2023-10-25,mazda-2-high-connect-กรุงเทพและปริมณฑล-สุขาภิบาล1-2-3/12339507,415000,101,
1415,2016,Mazda,3,2,S Sports,Hatchback,AT,14,18,white,2500,2023-10-25,mazda-3-s-sports-กรุงเทพและปริมณฑล-กาญจนาภิเษก/11963675,399000,423,
691,2018,Mazda,CX-5,2,S,SUV,AT,17,23,blue,137500,2023-10-25,mazda-cx-5-s-กรุงเทพและปริมณฑล-กาญจนาภิเษก/12444234?auc=true,689000,1077,
684,2011,Mazda,2,1.5,Spirit Sports,Sedan,AT,9,14,sky,177500,2023-10-25,mazda-2-spirit-sports-กรุงเทพและปริมณฑล-กาญจนาภิเษก/11914943,148000,317,
1722,2022,Mazda,CX-30,2,SP,SUV,AT,20,25,cream,33577,2023-10-25,mazda-cx-30-sp-กรุงเทพและปริมณฑล-กาญจนาภิเษก/12542566?auc=true,939000,1024,
577,2018,Mazda,3,2,S,Sedan,AT,14,18,gray,32665,2023-10-25,mazda-3-s-กรุงเทพและปริมณฑล-กาญจนาภิเษก/12399630?auc=true,528000,390,
1268,2020,Mazda,2,1.3,High Connect,Sedan,AT,15,25,gray,2500,2023-10-25,mazda-2-high-connect-ภาคตะวันออก-อำเภอศรีราชา/12474507?auc=true,438000,103,
1192,2020,Mazda,3,2,S Sports,Hatchback,AT,19,24,gray,67500,2023-10-25,mazda-3-s-sports-กรุงเทพและปริมณฑล-ท่าพระ-วงเวียนใหญ่-พระราม2/12562498?auc=true,729000,367,
1323,2016,Mazda,CX-5,2.2,XDL 4WD,SUV,AT,13,16,black,102500,2023-10-25,mazda-cx-5-xdl-กรุงเทพและปริมณฑล-นนทบุรี-รัตนาธิเบศร์/7826735?auc=true,577000,1102,
1870,2017,Mazda,CX-3,2,E,SUV,AT,15,22,blue,37500,2023-10-25,mazda-cx-3-e-กรุงเทพและปริมณฑล-นนทบุรี-รัตนาธิเบศร์/12092959,495000,1001,
844,2018,Mazda,2,1.3,High Plus,Sedan,AT,15,25,black,107500,2023-10-25,mazda-2-high-plus-กรุงเทพและปริมณฑล-นนทบุรี-รัตนาธิเบศร์/10098607,399000,120,
389,2019,Mazda,2,1.3,Sports High Plus,Hatchback,AT,15,25,gray,21505,2023-10-25,mazda-2-sports-high-plus-กรุงเทพและปริมณฑล-รัชดาฯ-ห้วยขวาง-ลาดพร้าว-เพชรบุรีตัดใหม่/12483523?carsome=true,432900,103,
1481,2019,Mazda,CX-3,2,SP,SUV,AT,15,22,gray,32500,2023-10-25,mazda-cx-3-sp-กรุงเทพและปริมณฑล-กาญจนาภิเษก/11277344,668000,986,
93,2018,Mazda,3,2,E,Sedan,AT,14,18,gray,142500,2023-10-25,mazda-3-e-กรุงเทพและปริมณฑล-กาญจนาภิเษก/12670399,371900,387,
1716,2012,Mazda,2,1.5,Spirit,Sedan,AT,9,14,white,122500,2023-10-25,mazda-2-spirit-กรุงเทพและปริมณฑล-สุขาภิบาล1-2-3/12349567,199000,291,
616,2020,Mazda,2,1.3,S Leather,Sedan,AT,15,25,gray,17500,2023-10-25,mazda-2-s-leather-กรุงเทพและปริมณฑล-หลักสี่-สะพานใหม่-แจ้งวัฒนะ/12332539,455000,77,
1019,2005,Mazda,3,1.6,V,Sedan,AT,5,10,gray,162500,2023-10-25,mazda-3-v-กรุงเทพและปริมณฑล-กาญจนาภิเษก/12317383,149000,-1,ไม่มีใน ttb (ปีเก่าเกิน)
865,2022,Mazda,2,1.3,C Sports,Hatchback,AT,15,25,red,12500,2023-10-25,mazda-2-c-sports-กรุงเทพและปริมณฑล-ศรีนครินทร์-เทพารักษ์/12653616?auc=true,447000,26,Sold
1281,2020,Mazda,2,1.3,E Sports,Hatchback,AT,15,25,white,17500,2023-10-25,mazda-2-e-sports-กรุงเทพและปริมณฑล-ท่าพระ-วงเวียนใหญ่-พระราม2/12308564?auc=true,419000,75,
378,2018,Mazda,2,1.3,High Connect,Sedan,AT,15,25,white,92500,2023-10-25,mazda-2-high-connect-กรุงเทพและปริมณฑล-รัชดาฯ-ห้วยขวาง-ลาดพร้าว-เพชรบุรีตัดใหม่/12721322?carsome=true,393900,145,
1993,2017,Mazda,CX-3,2,C,SUV,AT,15,22,white,12500,2023-10-25,mazda-cx-3-c-กรุงเทพและปริมณฑล-อำเภอบางใหญ่/12478335?auc=true,459000,1000,
866,2018,Mazda,2,1.5,XD Sports High Connect,Hatchback,AT,15,25,red,82500,2023-10-25,mazda-2-xd-sports-high-connect-กรุงเทพและปริมณฑล-อำเภอคลองหลวง/12772960,369000,138,
634,2014,Mazda,CX-5,2,S,SUV,AT,13,16,blue,122500,2023-10-25,mazda-cx-5-s-กรุงเทพและปริมณฑล-รังสิต-บางปะอิน/12289485,359900,1110,
1905,2018,Mazda,2,1.3,High Connect,Sedan,AT,15,25,gray,74500,2023-10-25,mazda-2-high-connect-ภาคอีสาน-อำเภอเมืองขอนแก่น/12745561,370000,145,
1313,2012,Mazda,2,1.5,Sports Groove,Hatchback,MT,9,14,white,97500,2023-10-25,mazda-2-sports-groove-กรุงเทพและปริมณฑล-ท่าพระ-วงเวียนใหญ่-พระราม2/12379511?auc=true,189000,283,
1512,2017,Mazda,2,1.3,Sports Standard,Hatchback,AT,15,22,white,92500,2023-10-25,mazda-2-sports-standard-กรุงเทพและปริมณฑล-กาญจนาภิเษก/11483618,329000,157,
1661,2016,Mazda,CX-3,2,S,SUV,AT,15,22,black,108776,2023-10-25,mazda-cx-3-s-กรุงเทพและปริมณฑล-กาญจนาภิเษก/12831363,459700,1010,
666,2008,Mazda,3,2,Maxx Sports,Hatchback,AT,5,10,silver,152500,2023-10-25,mazda-3-maxx-sports-กรุงเทพและปริมณฑล-กาญจนาภิเษก/11926542,188000,539,
1467,2022,Mazda,3,2,SP,Sedan,AT,19,24,white,176,2023-10-25,mazda-3-sp-ภาคใต้-อำเภอเมืองสุราษฎร์ธานี/10659316,1109000,347,
1254,2021,Mazda,CX-30,2,SP,SUV,AT,20,25,black,52500,2023-10-25,mazda-cx-30-sp-กรุงเทพและปริมณฑล-รัชดาฯ-ห้วยขวาง-ลาดพร้าว-เพชรบุรีตัดใหม่/12521636,729000,1028,
351,2018,Mazda,2,1.3,Sports High,Hatchback,AT,15,25,silver,100,2023-10-25,mazda-2-sports-high-กรุงเทพและปริมณฑล-ศรีนครินทร์-เทพารักษ์/12493830?auc=true,378000,125,
522,2018,Mazda,CX-5,2.2,XDL 4WD,SUV,AT,17,23,silver,92500,2023-10-25,mazda-cx-5-xdl-กรุงเทพและปริมณฑล-กาญจนาภิเษก/11374129,759000,1080,
1731,2019,Mazda,BT-50 PRO,2.2,DOUBLE CAB THUNDER Hi-Racer,Pickup,AT,14,21,black,72500,2023-10-25,mazda-bt-50-pro-thunder-hi-racer-กรุงเทพและปริมณฑล-กาญจนาภิเษก/12839404,498000,712,
2157,2017,Mazda,BT-50 PRO,2.2,FREE STYLE CAB Hi-Racer,Pickup,MT,14,21,gray,94104,2023-10-25,mazda-bt-50-pro-hi-racer-ภาคเหนือ-อำเภอเมืองเชียงใหม่/12114033?auc=true,339000,767,
1108,2019,Mazda,2,1.3,High Connect,Sedan,AT,15,25,red,124000,2023-10-25,mazda-2-high-connect-กรุงเทพและปริมณฑล-อำเภอปากเกร็ด/12699262,389000,98,
784,2014,Mazda,BT-50 PRO,2.2,DOUBLE CAB Hi-Racer,Pickup,AT,14,21,white,210000,2023-10-25,mazda-bt-50-pro-hi-racer-กรุงเทพและปริมณฑล-กาญจนาภิเษก/12206348?auc=true,334000,884,
921,2018,Mazda,3,2,E,Sedan,AT,14,18,gray,117500,2023-10-25,mazda-3-e-กรุงเทพและปริมณฑล-ท่าพระ-วงเวียนใหญ่-พระราม2/12710421?auc=true,394000,387,
1812,2021,Mazda,CX-30,2,SP,SUV,AT,20,25,gray,50222,2023-10-25,mazda-cx-30-sp-ภาคเหนือ-อำเภอเมืองเชียงราย/12807108,855000,1028,
597,2014,Mazda,2,1.5,Elegance Spirit,Sedan,AT,9,14,gold,100000,2023-10-25,mazda-2-elegance-spirit-กรุงเทพและปริมณฑล-ศรีนครินทร์-เทพารักษ์/12175876,298000,238,
1775,2012,Mazda,2,1.5,Sports Spirit,Hatchback,AT,9,14,gray,120000,2023-10-25,mazda-2-sports-spirit-กรุงเทพและปริมณฑล-พัฒนาการ-พระราม9ตัดใหม่/12820066,149000,296,
611,2016,Mazda,2,1.3,Sports High Connect,Hatchback,AT,15,25,white,100471,2023-10-25,mazda-2-sports-high-connect-กรุงเทพและปริมณฑล-มีนบุรี/12762155,318000,180,
2062,2020,Mazda,CX-30,2,SP,SUV,AT,20,25,black,47500,2023-10-25,mazda-cx-30-sp-ภาคตะวันออก-อำเภอเมืองชลบุรี/12509355,819000,1032,
1581,2017,Mazda,3,2,S,Sedan,AT,14,18,white,2500,2023-10-25,mazda-3-s-กรุงเทพและปริมณฑล-กาญจนาภิเษก/7030497,475000,409,
1172,2019,Mazda,2,1.3,High Plus,Sedan,AT,15,25,white,72500,2023-10-25,mazda-2-high-plus-กรุงเทพและปริมณฑล-อ่อนนุช/12566697?auc=true,399999,100,
772,2018,Mazda,BT-50 PRO,2.2,FREE STYLE CAB Hi-Racer,Pickup,MT,14,21,gray,67500,2023-10-25,mazda-bt-50-pro-hi-racer-กรุงเทพและปริมณฑล-รังสิต-บางปะอิน/12452333,352900,730,
151,2018,Mazda,CX-5,2,SP,SUV,AT,17,23,red,132500,2023-10-25,mazda-cx-5-sp-กรุงเทพและปริมณฑล-กาญจนาภิเษก/10767683,580000,1079,
1479,2015,Mazda,BT-50 PRO,2.2,FREE STYLE CAB Hi-Racer,Pickup,MT,14,21,white,2500,2023-10-25,mazda-bt-50-pro-hi-racer-ภาคเหนือ-อำเภอเมืองเชียงใหม่/11587520?auc=true,328000,862,
88,2021,Mazda,2,1.3,C Sports,Hatchback,AT,15,25,black,12500,2023-10-25,mazda-2-c-sports-กรุงเทพและปริมณฑล-กาญจนาภิเษก/12506369,460900,45,
1055,2018,Mazda,CX-5,2.2,XDL 4WD,SUV,AT,17,23,blue,222500,2023-10-25,mazda-cx-5-xdl-กรุงเทพและปริมณฑล-กาญจนาภิเษก/12730442,688000,1080,
35,2017,Mazda,2,1.3,Sports Standard,Hatchback,AT,15,25,red,137500,2023-10-25,mazda-2-sports-standard-กรุงเทพและปริมณฑล-อำเภอบางบัวทอง/12675645,298000,157,
1990,2017,Mazda,2,1.3,High Connect,Sedan,AT,15,25,black,197030,2023-10-25,mazda-2-high-connect-กรุงเทพและปริมณฑล-กาญจนาภิเษก/12596581,365000,145,
1638,2018,Mazda,3,2,E,Sedan,AT,14,18,gray,77500,2023-10-25,mazda-3-e-กรุงเทพและปริมณฑล-รัชดาฯ-ห้วยขวาง-ลาดพร้าว-เพชรบุรีตัดใหม่/12860126?carsome=true,465900,387,
1137,2018,Mazda,3,2,E Sports,Hatchback,AT,14,18,gray,101323,2023-10-25,mazda-3-e-sports-ภาคเหนือ-อำเภอเมืองเชียงใหม่/12638180?auc=true,449000,388,
1594,2018,Mazda,CX-5,2.2,XDL 4WD,SUV,AT,17,20,black,72500,2023-10-25,mazda-cx-5-xdl-กรุงเทพและปริมณฑล-เลียบด่วนรามอินทรา-เกษตรนวมินทร์/8698479,955000,1080,
1403,2018,Mazda,BT-50 PRO,2.2,DOUBLE CAB,Pickup,MT,14,21,black,77500,2023-10-25,mazda-bt-50-pro-hi-racer-ภาคอีสาน-อำเภอปักธงชัย/12069718?auc=true,445000,727,
1651,2022,Mazda,CX-30,2,S,SUV,AT,20,25,white,22500,2023-10-25,mazda-cx-30-s-กรุงเทพและปริมณฑล-อ่อนนุช/12808589,799000,1023,
606,2020,Mazda,BT-50 PRO,2.2,FREE STYLE CAB THUNDER Hi-Racer,Pickup,MT,14,21,white,92191,2023-10-25,mazda-bt-50-pro-thunder-hi-racer-ภาคเหนือ-อำเภอเมืองเชียงใหม่/12492477?auc=true,399000,704,
851,2017,Mazda,2,1.3,High Connect,Sedan,AT,15,25,red,36718,2023-10-25,mazda-2-high-connect-กรุงเทพและปริมณฑล-รามอินทรา-สุขาภิบาล5/12687645?auc=true,355000,145,
195,2012,Mazda,2,1.5,Elegance Groove,Sedan,AT,9,14,sky,102527,2023-10-25,mazda-2-elegance-groove-กรุงเทพและปริมณฑล-สุขาภิบาล1-2-3/12728858?auc=true,195000,279,
349,2017,Mazda,CX-5,2.2,XDL 4WD,SUV,AT,13,16,white,100,2023-10-25,mazda-cx-5-xdl-กรุงเทพและปริมณฑล-ศรีนครินทร์-เทพารักษ์/11310336,558000,1091,
1762,2016,Mazda,CX-3,2,C,SUV,AT,15,22,white,17500,2023-10-25,mazda-cx-3-c-กรุงเทพและปริมณฑล-สุขุมวิท/12824550,479999,1008,
1700,2018,Mazda,3,2,E,Sedan,AT,14,18,silver,112500,2023-10-25,mazda-3-e-กรุงเทพและปริมณฑล-ศรีนครินทร์-เทพารักษ์/12801094?auc=true,399000,387,
1664,2018,Mazda,CX-3,2,S,SUV,AT,15,22,white,45448,2023-10-25,mazda-cx-3-s-กรุงเทพและปริมณฑล-กาญจนาภิเษก/12820307,509700,993,
667,2015,Mazda,3,2,SP Sports,Hatchback,AT,14,18,red,152500,2023-10-25,mazda-3-sp-sports-กรุงเทพและปริมณฑล-กาญจนาภิเษก/12137256,388000,439,
1100,2018,Mazda,BT-50 PRO,2.2,FREE STYLE CAB Hi-Racer,Pickup,MT,14,21,white,22500,2023-10-25,mazda-bt-50-pro-hi-racer-กรุงเทพและปริมณฑล-บางใหญ่-บางบัวทอง/12070543?auc=true,289000,730,
1635,2014,Mazda,CX-5,2,S,SUV,AT,13,16,white,177500,2023-10-25,mazda-cx-5-s-กรุงเทพและปริมณฑล-กาญจนาภิเษก/12850573,389000,1110,
122,2014,Mazda,3,2,S,Sedan,AT,14,18,gray,102500,2023-10-25,mazda-3-s-กรุงเทพและปริมณฑล-รัชดาฯ-ห้วยขวาง-ลาดพร้าว-เพชรบุรีตัดใหม่/12413356,419000,459,
2126,2017,Mazda,2,1.3,Sports High Connect,Hatchback,AT,15,22,gray,127500,2023-10-25,mazda-2-sports-high-connect-ภาคกลาง-อำเภออุทัย/11974630,399000,151,
1778,2016,Mazda,2,1.3,Sports High Plus,Hatchback,AT,15,25,brown,74636,2023-10-25,mazda-2-sports-high-plus-กรุงเทพและปริมณฑล-บางใหญ่-บางบัวทอง/12819361,353300,181,
1848,2012,Mazda,BT-50 PRO,2.2,DOUBLE CAB Hi-Racer,Pickup,AT,14,21,white,122500,2023-10-25,mazda-bt-50-pro-hi-racer-ภาคตะวันออก-อำเภอศรีราชา/12783268,749000,933,แพงจังวะ
528,2019,Mazda,2,1.3,Sports High Connect,Hatchback,AT,15,25,black,17500,2023-10-25,mazda-2-sports-high-connect-กรุงเทพและปริมณฑล-บางใหญ่-บางบัวทอง/12753068?auc=true,329000,101,
221,2016,Mazda,CX-3,2,E,SUV,AT,15,22,brown,77500,2023-10-25,mazda-cx-3-e-กรุงเทพและปริมณฑล-รัชดาฯ-ห้วยขวาง-ลาดพร้าว-เพชรบุรีตัดใหม่/12294633?carsome=true,374900,1009,
709,2017,Mazda,BT-50 PRO,2.2,DOUBLE CAB Hi-Racer,Pickup,MT,14,21,gray,72500,2023-10-25,mazda-bt-50-pro-hi-racer-กรุงเทพและปริมณฑล-อำเภอกระทุ่มแบน/12279444?auc=true,369000,752,
1798,2022,Mazda,2,1.3,S Sports,Hatchback,AT,15,25,gray,17500,2023-10-25,mazda-2-s-sports-กรุงเทพและปริมณฑล-นนทบุรี-รัตนาธิเบศร์/12809158,459000,37,
2114,2020,Mazda,2,1.3,Sports High Connect,Hatchback,AT,15,25,red,47500,2023-10-25,mazda-2-sports-high-connect-ภาคตะวันออก-อำเภอศรีราชา/11997541?auc=true,437000,101,
398,2020,Mazda,3,2,SP,Sedan,AT,19,24,red,52500,2023-10-25,mazda-3-sp-กรุงเทพและปริมณฑล-กาญจนาภิเษก/12812753?auc=true,658000,364,
1031,2017,Mazda,2,1.3,High Plus,Sedan,AT,15,25,white,101644,2023-10-25,mazda-2-high-plus-กรุงเทพและปริมณฑล-สุขุมวิท/12699414,361000,148,
399,2015,Mazda,3,2,SP Sports,Hatchback,AT,14,18,red,82500,2023-10-25,mazda-3-sp-sports-กรุงเทพและปริมณฑล-กาญจนาภิเษก/12613392?auc=true,418000,439,
1405,2022,Mazda,CX-30,2,SP,SUV,AT,20,25,white,27500,2023-10-25,mazda-cx-30-sp-ภาคตะวันออก-อำเภอเมืองชลบุรี/12269710?auc=true,939000,1024,
1794,2020,Mazda,2,1.3,S Leather,Sedan,AT,15,25,gray,38013,2023-10-25,mazda-2-s-leather-ภาคตะวันออก-อำเภอพานทอง/12813820,439000,77,
586,2006,Mazda,3,2,R Sport,Hatchback,AT,5,10,blue,2500,2023-10-25,mazda-3-r-sport-กรุงเทพและปริมณฑล-บางนา-กิ่งแก้ว-ลาดกระบัง/10234865?auc=true,159000,-1,ไม่มีใน ttb (ปีเก่าเกิน)
861,2012,Mazda,2,1.5,Elegance Spirit,Sedan,AT,9,14,silver,12500,2023-10-25,mazda-2-elegance-spirit-ภาคกลาง-อำเภอเมืองพระนครศรีอยุธยา/12774144,185000,291,
1446,2015,Mazda,2,1.3,Sports Standard,Hatchback,AT,15,25,gray,42500,2023-10-25,mazda-2-sports-standard-กรุงเทพและปริมณฑล-ท่าพระ-วงเวียนใหญ่-พระราม2/10064644?auc=true,339000,-1,
1591,2019,Mazda,BT-50 PRO,2.2,FREE STYLE CAB Hi-Racer,Pickup,MT,14,21,gray,42500,2023-10-25,mazda-bt-50-pro-hi-racer-ภาคตะวันออก-อำเภอศรีราชา/10233995,438000,715,
447,2019,Mazda,2,1.3,Sports High Connect,Hatchback,AT,15,25,red,87500,2023-10-25,mazda-2-sports-high-connect-กรุงเทพและปริมณฑล-พหลโยธิน-บางซื่อ-จตุจักร/12692950,421900,101,
21,2017,Mazda,2,1.3,High,Sedan,AT,15,25,red,92500,2023-10-25,mazda-2-high-ภาคตะวันออก-อำเภอเมืองชลบุรี/12713804?auc=true,359000,144,ขายไปแล้ว
1569,2014,Mazda,3,2,S,Sedan,AT,14,18,black,152500,2023-10-25,mazda-3-s-กรุงเทพและปริมณฑล-กาญจนาภิเษก/11157865,388000,459,
810,2014,Mazda,CX-5,2.5,S,SUV,AT,13,16,white,172500,2023-10-25,mazda-cx-5-s-ภาคตะวันออก-อำเภอเมืองชลบุรี/12655892,489000,1112,
18,2017,Mazda,2,1.5,XD High Plus L,Sedan,AT,15,25,red,37569,2023-10-25,mazda-2-xd-high-plus-l-กรุงเทพและปริมณฑล-รัชดาฯ-ห้วยขวาง-ลาดพร้าว-เพชรบุรีตัดใหม่/12067309?carsome=true,361900,166,
484,2019,Mazda,2,1.3,Sports High Connect,Hatchback,AT,15,25,blue,37500,2023-10-25,mazda-2-sports-high-connect-กรุงเทพและปริมณฑล-กาญจนาภิเษก/12719014,421900,101,
1924,2012,Mazda,2,1.5,Sports Spirit,Hatchback,AT,9,14,white,77500,2023-10-25,mazda-2-sports-spirit-ภาคใต้-อำเภออ่าวลึก/12729887,248000,297,
687,2020,Mazda,CX-30,2,SP,SUV,AT,20,25,red,36386,2023-10-25,mazda-cx-30-sp-กรุงเทพและปริมณฑล-กาญจนาภิเษก/12250259?auc=true,859000,1032,
308,2015,Mazda,3,2,S Sports,Hatchback,AT,14,18,silver,157500,2023-10-25,mazda-3-s-sports-กรุงเทพและปริมณฑล-พัฒนาการ-พระราม9ตัดใหม่/12651992?auc=true,369000,440,
1683,2020,Mazda,2,1.3,S Leather,Sedan,AT,15,25,black,78575,2023-10-25,mazda-2-s-leather-กรุงเทพและปริมณฑล-ปิ่นเกล้า-ถนนบรมราชชนนี/12691371,431800,77,
1075,2017,Mazda,2,1.3,High Connect,Sedan,AT,15,25,white,97500,2023-10-25,mazda-2-high-connect-กรุงเทพและปริมณฑล-กาญจนาภิเษก/12617120?auc=true,568000,145,
1621,2017,Mazda,3,2,SP Sports,Hatchback,AT,14,18,black,52500,2023-10-25,mazda-3-sp-sports-กรุงเทพและปริมณฑล-กาญจนาภิเษก/6933256?auc=true,479000,411,
2013,2012,Mazda,3,2,Maxx,Sedan,AT,11,14,gray,148586,2023-10-25,mazda-3-maxx-ภาคเหนือ-อำเภอเมืองเชียงใหม่/12202774,255000,484,
371,2017,Mazda,2,1.5,XD High Plus L,Sedan,AT,15,25,black,77500,2023-10-25,mazda-2-xd-high-plus-l-กรุงเทพและปริมณฑล-รัชดาฯ-ห้วยขวาง-ลาดพร้าว-เพชรบุรีตัดใหม่/12456882?carsome=true,456900,165,
1078,2014,Mazda,BT-50 PRO,2.2,FREE STYLE CAB Hi-Racer,Pickup,MT,14,21,silver,172500,2023-10-25,mazda-bt-50-pro-hi-racer-กรุงเทพและปริมณฑล-พัฒนาการ-พระราม9ตัดใหม่/12146176?auc=true,275000,897,
610,2014,Mazda,CX-5,2,S,SUV,AT,13,16,white,167500,2023-10-25,mazda-cx-5-s-กรุงเทพและปริมณฑล-รามอินทรา-สุขาภิบาล5/10000983?auc=true,458000,1110,
284,2017,Mazda,CX-5,2,S,SUV,AT,13,16,black,135506,2023-10-25,mazda-cx-5-s-กรุงเทพและปริมณฑล-กาญจนาภิเษก/12029185,498000,1087,
1531,2018,Mazda,CX-5,2.2,XDL 4WD,SUV,AT,17,23,gray,122917,2023-10-25,mazda-cx-5-xdl-กรุงเทพและปริมณฑล-มีนบุรี/11552014?auc=true,729000,1080,
1057,2021,Mazda,CX-3,2,Base Plus,SUV,AT,15,22,cream,62500,2023-10-25,mazda-cx-3-base-plus-กรุงเทพและปริมณฑล-กาญจนาภิเษก/12125783,599000,961,
1202,2020,Mazda,CX-30,2,SP,SUV,AT,20,25,blue,147500,2023-10-25,mazda-cx-30-sp-กรุงเทพและปริมณฑล-กาญจนาภิเษก/12588807,689000,1032,
171,2014,Mazda,3,2,SP Sports,Hatchback,AT,14,18,black,217500,2023-10-25,mazda-3-sp-sports-กรุงเทพและปริมณฑล-กาญจนาภิเษก/12851602?auc=true,399000,456,
987,2008,Mazda,3,1.6,Spirit Sports,Hatchback,AT,5,10,black,222500,2023-10-25,mazda-3-spirit-sports-ภาคตะวันออก-อำเภอบางละมุง/12687215,160000,535,
275,2015,Mazda,3,2,SP Sports,Hatchback,AT,14,18,white,102500,2023-10-25,mazda-3-sp-sports-กรุงเทพและปริมณฑล-กาญจนาภิเษก/11827926,459000,439,
1703,2019,Mazda,2,1.3,Sports High Connect,Hatchback,AT,15,25,red,86442,2023-10-25,mazda-2-sports-high-connect-กรุงเทพและปริมณฑล-เลียบด่วนรามอินทรา-เกษตรนวมินทร์/12735374,401400,101,
1047,2019,Mazda,2,1.3,High Connect,Sedan,AT,15,25,gray,77500,2023-10-25,mazda-2-high-connect-ภาคอีสาน-อำเภอเมืองอุดรธานี/12056168,419000,98,
325,2017,Mazda,2,1.5,XD High Connect,Sedan,AT,15,25,brown,82500,2023-10-25,mazda-2-xd-high-connect-กรุงเทพและปริมณฑล-รัชดาฯ-ห้วยขวาง-ลาดพร้าว-เพชรบุรีตัดใหม่/12709686?carsome=true,417900,162,
673,2011,Mazda,3,2,Maxx Sports,Hatchback,AT,11,14,green,202500,2023-10-25,mazda-3-maxx-sports-กรุงเทพและปริมณฑล-พัฒนาการ-พระราม9ตัดใหม่/11249577,269000,489,
218,2017,Mazda,CX-5,2,S,SUV,AT,13,16,white,132500,2023-10-25,mazda-cx-5-s-กรุงเทพและปริมณฑล-กาญจนาภิเษก/12671564,637000,1087,
1539,2018,Mazda,BT-50 PRO,2.2,DOUBLE CAB Hi-Racer,Pickup,MT,14,21,white,30000,2023-10-25,mazda-bt-50-pro-hi-racer-กรุงเทพและปริมณฑล-ศรีนครินทร์-เทพารักษ์/9279216,498000,723,
1076,2020,Mazda,2,1.3,S Sports,Hatchback,AT,15,25,silver,27500,2023-10-25,mazda-2-s-sports-กรุงเทพและปริมณฑล-รัชดาฯ-ห้วยขวาง-ลาดพร้าว-เพชรบุรีตัดใหม่/12610995?auc=true,448000,83,
1021,2018,Mazda,CX-3,2,SP,SUV,AT,15,22,red,102500,2023-10-25,mazda-cx-3-sp-กรุงเทพและปริมณฑล-กาญจนาภิเษก/11584160,509000,995,
466,2014,Mazda,BT-50 PRO,2.2,FREE STYLE CAB V,Pickup,MT,14,21,silver,107500,2023-10-25,mazda-bt-50-pro-v-ภาคตะวันออก-อำเภอเมืองชลบุรี/12825902,239000,903,
696,2016,Mazda,CX-3,2,SP,SUV,AT,15,22,white,137382,2023-10-25,mazda-cx-3-sp-กรุงเทพและปริมณฑล-เลียบด่วนรามอินทรา-เกษตรนวมินทร์/12266172,478000,1011,
435,2017,Mazda,2,1.3,Sports High Connect,Hatchback,AT,15,25,red,18607,2023-10-25,mazda-2-sports-high-connect-กรุงเทพและปริมณฑล-รัชดาฯ-ห้วยขวาง-ลาดพร้าว-เพชรบุรีตัดใหม่/12808579?carsome=true,378900,151,
1636,2016,Mazda,2,1.3,Sports Standard,Hatchback,AT,15,25,white,65987,2023-10-25,mazda-2-sports-standard-ภาคเหนือ-อำเภอเมืองเชียงใหม่/12849127?auc=true,309000,182,
1913,2019,Mazda,2,1.3,High Connect,Sedan,AT,15,25,white,54987,2023-10-25,mazda-2-high-connect-ภาคเหนือ-อำเภอเมืองเชียงใหม่/12720770?auc=true,419000,98,
273,2021,Mazda,CX-30,2,SP,SUV,AT,20,25,white,32500,2023-10-25,mazda-cx-30-sp-กรุงเทพและปริมณฑล-อำเภอเมืองสมุทรปราการ/12549775,859000,1028,
30,2016,Mazda,2,1.3,High Connect,Sedan,AT,15,25,blue,152500,2023-10-25,mazda-2-high-connect-กรุงเทพและปริมณฑล-บางใหญ่-บางบัวทอง/12815141,357900,177,
534,2019,Mazda,2,1.3,S Sports,Hatchback,AT,15,22,black,47315,2023-10-25,mazda-2-s-sports-กรุงเทพและปริมณฑล-กาญจนาภิเษก/11837526?auc=true,437000,97,
1986,2019,Mazda,2,1.3,S Leather,Sedan,AT,15,25,white,57150,2023-10-25,mazda-2-s-leather-กรุงเทพและปริมณฑล-พระราม3-สาทร-พระราม4/12609287,439700,92,
771,2018,Mazda,CX-3,2,S,SUV,AT,15,22,brown,67500,2023-10-25,mazda-cx-3-s-กรุงเทพและปริมณฑล-บางใหญ่-บางบัวทอง/12690581,571900,995,
1452,2016,Mazda,CX-5,2,S,SUV,AT,13,16,white,102500,2023-10-25,mazda-cx-5-s-กรุงเทพและปริมณฑล-สุขาภิบาล1-2-3/12025586?auc=true,419000,1099,
433,2017,Mazda,3,2,S Sports,Hatchback,AT,14,18,black,123019,2023-10-25,mazda-3-s-sports-กรุงเทพและปริมณฑล-รัชดาฯ-ห้วยขวาง-ลาดพร้าว-เพชรบุรีตัดใหม่/12430417?carsome=true,528900,413,
1805,2018,Mazda,CX-5,2,SP,SUV,AT,17,23,blue,132500,2023-10-25,mazda-cx-5-sp-กรุงเทพและปริมณฑล-เลียบด่วนรามอินทรา-เกษตรนวมินทร์/12808323,628000,1079,
2159,2019,Mazda,2,1.3,High Connect,Sedan,AT,15,22,white,77500,2023-10-25,mazda-2-high-connect-ภาคตะวันออก-อำเภอศรีราชา/12062368,419000,98,
1339,2016,Mazda,3,2,S Sports,Hatchback,AT,14,18,gray,82500,2023-10-25,mazda-3-s-sports-กรุงเทพและปริมณฑล-อำเภอบางใหญ่/12104441?auc=true,459000,423,
543,2011,Mazda,2,1.5,Elegance Spirit,Sedan,AT,9,14,white,157500,2023-10-25,mazda-2-elegance-spirit-ภาคตะวันออก-อำเภอเมืองระยอง/12603655,199000,314,
1987,2018,Mazda,2,1.3,High Connect,Sedan,AT,15,25,brown,112081,2023-10-25,mazda-2-high-connect-กรุงเทพและปริมณฑล-บางนา-กิ่งแก้ว-ลาดกระบัง/12578737,372000,116,
975,2011,Mazda,2,1.5,Spirit Sports,Sedan,AT,9,14,silver,147500,2023-10-25,mazda-2-spirit-sports-กรุงเทพและปริมณฑล-รามอินทรา-สุขาภิบาล5/9331888,188000,319,
113,2011,Mazda,2,1.5,Sports Groove,Hatchback,AT,9,14,white,162500,2023-10-25,mazda-2-sports-groove-ภาคใต้-อำเภอเมืองปัตตานี/12603193,155000,304,
1629,2019,Mazda,3,2,SP Sports,Hatchback,AT,19,24,red,62500,2023-10-25,mazda-3-sp-sports-กรุงเทพและปริมณฑล-รามอินทรา-สุขาภิบาล5/12836156,679000,378,
539,2021,Mazda,CX-30,2,SP,SUV,AT,20,25,gray,67500,2023-10-25,mazda-cx-30-sp-กรุงเทพและปริมณฑล-อำเภอกระทุ่มแบน/12590198?auc=true,754000,1028,
1052,2020,Mazda,3,2,SP Sports,Hatchback,AT,19,24,gray,111939,2023-10-25,mazda-3-sp-sports-กรุงเทพและปริมณฑล-ศรีนครินทร์-เทพารักษ์/12730681,695000,366,
2109,2018,Mazda,2,1.3,Sports Standard,Hatchback,AT,15,25,gray,67500,2023-10-25,mazda-2-sports-standard-ภาคใต้-อำเภออ่าวลึก/12360292,355000,128,
44,2022,Mazda,2,1.3,S Sports,Hatchback,AT,15,25,white,28000,2023-10-25,mazda-2-s-sports-กรุงเทพและปริมณฑล-อำเภอธัญบุรี/12023033,428000,37,
927,2021,Mazda,2,1.3,S,Sedan,AT,15,25,black,61291,2023-10-25,mazda-2-s-ภาคตะวันออก-อำเภอบางละมุง/12644742,439000,60,
246,2016,Mazda,2,1.5,XD Sport High Plus L,Hatchback,AT,15,25,blue,102500,2023-10-25,mazda-2-xd-sport-high-plus-l-กรุงเทพและปริมณฑล-บางใหญ่-บางบัวทอง/12426719,384900,193,
17,2020,Mazda,CX-30,2,SP,SUV,AT,20,25,white,65472,2023-10-25,mazda-cx-30-sp-กรุงเทพและปริมณฑล-รัชดาฯ-ห้วยขวาง-ลาดพร้าว-เพชรบุรีตัดใหม่/12284681?carsome=true,758900,1032,
1941,2019,Mazda,2,1.3,Sports High Plus,Hatchback,AT,15,25,white,49185,2023-10-25,mazda-2-sports-high-plus-กรุงเทพและปริมณฑล-บางนา-กิ่งแก้ว-ลาดกระบัง/12719760,419700,103,
1817,2020,Mazda,CX-3,2,Base,SUV,AT,15,22,red,67500,2023-10-25,mazda-cx-3-base-กรุงเทพและปริมณฑล-กาญจนาภิเษก/12802784,499000,968,
178,2018,Mazda,CX-5,2,S,SUV,AT,13,16,gray,2500,2023-10-25,mazda-cx-5-s-กรุงเทพและปริมณฑล-กาญจนาภิเษก/11272975?auc=true,568000,1077,
329,2019,Mazda,2,1.3,High Connect,Sedan,AT,15,25,red,72500,2023-10-25,mazda-2-high-connect-กรุงเทพและปริมณฑล-รัชดาฯ-ห้วยขวาง-ลาดพร้าว-เพชรบุรีตัดใหม่/12743269?carsome=true,418900,98,
752,2017,Mazda,2,1.5,XD Sports,Hatchback,AT,15,25,white,132500,2023-10-25,mazda-2-xd-sports-กรุงเทพและปริมณฑล-กาญจนาภิเษก/12700842?auc=true,349000,168,
729,2014,Mazda,3,2,SP Sports,Hatchback,AT,14,18,red,167500,2023-10-25,mazda-3-sp-sports-กรุงเทพและปริมณฑล-ศรีนครินทร์-เทพารักษ์/12765035,356900,461,
1407,2021,Mazda,CX-30,2,SP,SUV,AT,20,25,black,67607,2023-10-25,mazda-cx-30-sp-กรุงเทพและปริมณฑล-ศรีนครินทร์-เทพารักษ์/12150443?auc=true,799999,1028,
261,2020,Mazda,2,1.3,S,Sedan,AT,15,25,gray,17500,2023-10-25,mazda-2-s-กรุงเทพและปริมณฑล-บางใหญ่-บางบัวทอง/12561219?auc=true,375000,82,
2021,2016,Mazda,CX-5,2,C,SUV,AT,13,16,white,132500,2023-10-25,mazda-cx-5-c-กรุงเทพและปริมณฑล-กาญจนาภิเษก/11676453,469000,1097,
638,2021,Mazda,3,2,Sports 100th Anniversary Edition,Hatchback,AT,19,24,white,40000,2023-10-25,mazda-3-sports-100th-anniversary-edition-กรุงเทพและปริมณฑล-ศรีนครินทร์-เทพารักษ์/12604478,838000,357,
1925,2012,Mazda,2,1.5,Elegance Spirit,Sedan,AT,9,14,gray,117848,2023-10-25,mazda-2-elegance-spirit-กรุงเทพและปริมณฑล-สุขาภิบาล1-2-3/12728850?auc=true,248000,290,
1081,2019,Mazda,2,1.3,High Connect,Sedan,AT,15,25,black,7500,2023-10-25,mazda-2-high-connect-กรุงเทพและปริมณฑล-สุขาภิบาล1-2-3/12629956?auc=true,389000,98,
1237,2019,Mazda,BT-50 PRO,2.2,FREE STYLE CAB Hi-Racer,Pickup,MT,14,21,black,77500,2023-10-25,mazda-bt-50-pro-hi-racer-กรุงเทพและปริมณฑล-กาญจนาภิเษก/11839115?auc=true,329900,715,
1797,2018,Mazda,2,1.3,Sports High Connect,Hatchback,AT,15,25,sky,95367,2023-10-25,mazda-2-sports-high-connect-ภาคตะวันออก-อำเภอบางละมุง/12782771,389000,122,
2049,2012,Mazda,BT-50 PRO,3.2,DOUBLE CAB R 4WD,Pickup,AT,14,21,black,142500,2023-10-25,mazda-bt-50-pro-r-ภาคใต้-อำเภอเมืองสงขลา/12319293,378000,937,
1406,2019,Mazda,2,1.3,Sports High Connect,Hatchback,AT,15,22,blue,50352,2023-10-25,mazda-2-sports-high-connect-กรุงเทพและปริมณฑล-ศรีนครินทร์-เทพารักษ์/11950592?auc=true,359999,101,
1609,2016,Mazda,2,1.3,High Connect,Sedan,AT,15,22,white,42500,2023-10-25,mazda-2-high-connect-ภาคอีสาน-อำเภอเมืองขอนแก่น/9242941?auc=true,388000,177,
969,2018,Mazda,CX-5,2,S,SUV,AT,17,23,gray,2500,2023-10-25,mazda-cx-5-s-กรุงเทพและปริมณฑล-กาญจนาภิเษก/11272958?auc=true,568000,1077,
10,2019,Mazda,BT-50 PRO,2.2,FREE STYLE CAB Hi-Racer,Pickup,MT,14,21,brown,111092,2023-10-25,mazda-bt-50-pro-hi-racer-กรุงเทพและปริมณฑล-รัชดาฯ-ห้วยขวาง-ลาดพร้าว-เพชรบุรีตัดใหม่/12290745?carsome=true,335900,715,
1182,2017,Mazda,3,2,S Sports,Hatchback,AT,14,18,red,105372,2023-10-25,mazda-3-s-sports-ภาคเหนือ-อำเภอเมืองเชียงใหม่/12507675?auc=true,498000,413,
1423,2015,Mazda,CX-5,2.5,S,SUV,AT,13,16,silver,272500,2023-10-25,mazda-cx-5-s-กรุงเทพและปริมณฑล-รามอินทรา-สุขาภิบาล5/12167479,449000,1108,
1073,2020,Mazda,CX-30,2,SP,SUV,AT,20,25,gray,37500,2023-10-25,mazda-cx-30-sp-กรุงเทพและปริมณฑล-รัชดาฯ-ห้วยขวาง-ลาดพร้าว-เพชรบุรีตัดใหม่/12305287,839000,1032,
1066,2018,Mazda,2,1.3,High Connect,Sedan,AT,15,25,gray,82500,2023-10-25,mazda-2-high-connect-กรุงเทพและปริมณฑล-บางนา-กิ่งแก้ว-ลาดกระบัง/11886469,370000,116,
1546,2014,Mazda,3,1.6,Spirit,Sedan,AT,11,14,black,98000,2023-10-25,mazda-3-spirit-กรุงเทพและปริมณฑล-ท่าพระ-วงเวียนใหญ่-พระราม2/10545195,319000,443,
1613,2018,Mazda,3,2,S,Sedan,AT,14,18,white,2500,2023-10-25,mazda-3-s-กรุงเทพและปริมณฑล-ศรีนครินทร์-เทพารักษ์/8613141,459000,390,
216,2015,Mazda,CX-5,2.2,XDL 4WD,SUV,AT,13,16,gray,135644,2023-10-25,mazda-cx-5-xdl-กรุงเทพและปริมณฑล-กาญจนาภิเษก/11694412?auc=true,458000,1107,
1336,2015,Mazda,2,1.3,Sports High Plus,Hatchback,AT,15,25,gray,157500,2023-10-25,mazda-2-sports-high-plus-กรุงเทพและปริมณฑล-ปิ่นเกล้า-ถนนบรมราชชนนี/12202816?auc=true,368000,119,
1821,2012,Mazda,2,1.5,Sports Groove,Hatchback,AT,9,14,red,112500,2023-10-25,mazda-2-sports-groove-กรุงเทพและปริมณฑล-อำเภอบางบัวทอง/12800706,198000,282,
512,2019,Mazda,3,2,S,Sedan,AT,14,18,white,97500,2023-10-25,mazda-3-s-กรุงเทพและปริมณฑล-ศรีนครินทร์-เทพารักษ์/11698666?auc=true,539000,375,
824,2020,Mazda,2,1.3,SP,Sedan,AT,15,25,gray,67500,2023-10-25,mazda-2-sp-กรุงเทพและปริมณฑล-พหลโยธิน-บางซื่อ-จตุจักร/12686687,463900,80,
220,2018,Mazda,2,1.3,High Connect,Sedan,AT,15,25,gray,67500,2023-10-25,mazda-2-high-connect-กรุงเทพและปริมณฑล-รัชดาฯ-ห้วยขวาง-ลาดพร้าว-เพชรบุรีตัดใหม่/12538177?carsome=true,393900,116,
707,2012,Mazda,2,1.5,Elegance Groove,Sedan,AT,9,14,white,2500,2023-10-25,mazda-2-elegance-groove-ภาคเหนือ-อำเภอเมืองเชียงใหม่/11928111,195000,279,
816,2021,Mazda,2,1.3,SP Sports,Hatchback,AT,15,25,gray,27500,2023-10-25,mazda-2-sp-sports-กรุงเทพและปริมณฑล-สุขาภิบาล1-2-3/12644999?auc=true,409000,58,
175,2019,Mazda,CX-3,2,E,SUV,AT,15,22,white,2500,2023-10-25,mazda-cx-3-e-กรุงเทพและปริมณฑล-อ่อนนุช/12561841,568000,983,
312,2020,Mazda,2,1.3,Sports High Plus,Hatchback,AT,15,22,red,72500,2023-10-25,mazda-2-sports-high-plus-กรุงเทพและปริมณฑล-กาญจนาภิเษก/10896865?auc=true,399000,103,
1825,2020,Mazda,2,1.3,S,Sedan,AT,15,25,black,55893,2023-10-25,mazda-2-s-ภาคเหนือ-อำเภอเมืองเชียงใหม่/12228030?auc=true,468000,82,
166,2019,Mazda,2,1.3,Sports High Connect,Hatchback,AT,15,25,red,47843,2023-10-25,mazda-2-sports-high-connect-กรุงเทพและปริมณฑล-รัชดาฯ-ห้วยขวาง-ลาดพร้าว-เพชรบุรีตัดใหม่/12715242?carsome=true,421900,103,
1270,2020,Mazda,2,1.3,Sports High Connect,Hatchback,AT,15,25,silver,2500,2023-10-25,mazda-2-sports-high-connect-กรุงเทพและปริมณฑล-พัฒนาการ-พระราม9ตัดใหม่/12431772?auc=true,429000,103,
2059,2022,Mazda,2,1.3,C,Sedan,AT,15,25,red,22500,2023-10-25,mazda-2-c-ภาคตะวันออก-อำเภอวังสมบูรณ์/12518599,439000,3,
1134,2017,Mazda,CX-5,2.2,XDL 4WD,SUV,AT,17,23,black,152500,2023-10-25,mazda-cx-5-xdl-กรุงเทพและปริมณฑล-กาญจนาภิเษก/12588740,499000,1093,
2076,2018,Mazda,CX-5,2.2,XDL 4WD,SUV,AT,17,23,black,142500,2023-10-25,mazda-cx-5-xdl-กรุงเทพและปริมณฑล-พัฒนาการ-พระราม9ตัดใหม่/12483735?auc=true,695000,1081,
677,2017,Mazda,2,1.3,Sports High Connect,Hatchback,AT,15,25,white,137500,2023-10-25,mazda-2-sports-high-connect-กรุงเทพและปริมณฑล-นนทบุรี-รัตนาธิเบศร์/12747340?auc=true,329000,152,
1314,2018,Mazda,CX-5,2.2,XDL 4WD,SUV,AT,13,16,white,142500,2023-10-25,mazda-cx-5-xdl-กรุงเทพและปริมณฑล-อำเภอปากเกร็ด/12415365?auc=true,577000,1081,
653,2016,Mazda,3,2,C Sports,Hatchback,AT,14,18,red,2500,2023-10-25,mazda-3-c-sports-กรุงเทพและปริมณฑล-พัฒนาการ-พระราม9ตัดใหม่/9272003?auc=true,369000,417,
1248,2013,Mazda,BT-50 PRO,2.2,FREE STYLE CAB V,Pickup,MT,14,21,white,2500,2023-10-25,mazda-bt-50-pro-v-กรุงเทพและปริมณฑล-กาญจนาภิเษก/7120700,229000,927,
38,2018,Mazda,3,2,E,Sedan,AT,14,18,gray,140058,2023-10-25,mazda-3-e-กรุงเทพและปริมณฑล-รัชดาฯ-ห้วยขวาง-ลาดพร้าว-เพชรบุรีตัดใหม่/12162865?carsome=true,371900,387,
914,2020,Mazda,BT-50 PRO,2.2,DOUBLE CAB THUNDER Hi-Racer,Pickup,MT,14,21,white,10000,2023-10-25,mazda-bt-50-pro-thunder-hi-racer-กรุงเทพและปริมณฑล-ศรีนครินทร์-เทพารักษ์/11857881,548000,698,
509,2022,Mazda,2,1.3,S Leather,Sedan,AT,15,25,black,37500,2023-10-25,mazda-2-s-leather-กรุงเทพและปริมณฑล-ศรีนครินทร์-เทพารักษ์/12460888?auc=true,459000,30,
413,2019,Mazda,3,2,SP Sports,Hatchback,AT,19,24,gray,2500,2023-10-25,mazda-3-sp-sports-กรุงเทพและปริมณฑล-กาญจนาภิเษก/12310843,819000,988,
832,2018,Mazda,CX-5,2.2,XD,SUV,AT,17,23,red,2500,2023-10-25,mazda-cx-5-xd-กรุงเทพและปริมณฑล-กาญจนาภิเษก/12781587,699000,1083,
668,2016,Mazda,3,2,E Sports,Hatchback,AT,14,18,silver,132500,2023-10-25,mazda-3-e-sports-กรุงเทพและปริมณฑล-อำเภอบางบัวทอง/12524504,358000,420,
968,2019,Mazda,CX-3,2,S,SUV,AT,15,22,white,102500,2023-10-25,mazda-cx-3-s-กรุงเทพและปริมณฑล-รัชดาฯ-ห้วยขวาง-ลาดพร้าว-เพชรบุรีตัดใหม่/12517334?carsome=true,575900,984,
2045,2011,Mazda,2,1.5,Spirit Sports,Hatchback,AT,9,14,gray,162500,2023-10-25,mazda-2-spirit-sports-กรุงเทพและปริมณฑล-ปิ่นเกล้า-ถนนบรมราชชนนี/12272304,209000,320,
472,2012,Mazda,2,1.5,Groove,Sedan,AT,9,14,brown,82500,2023-10-25,mazda-2-groove-กรุงเทพและปริมณฑล-นนทบุรี-รัตนาธิเบศร์/12583647?auc=true,174000,279,
1693,2010,Mazda,2,1.5,Groove,Sedan,AT,9,14,sky,187500,2023-10-25,mazda-2-groove-กรุงเทพและปริมณฑล-นนทบุรี-รัตนาธิเบศร์/12851045?auc=true,159000,322,
1895,2017,Mazda,CX-5,2.2,XDL 4WD,SUV,AT,17,23,black,102500,2023-10-25,mazda-cx-5-xdl-กรุงเทพและปริมณฑล-กาญจนาภิเษก/12752670?auc=true,549000,1093,
155,2019,Mazda,BT-50 PRO,2.2,DOUBLE CAB Hi-Racer,Pickup,MT,14,21,white,2500,2023-10-25,mazda-bt-50-pro-hi-racer-กรุงเทพและปริมณฑล-สุขุมวิท/11927618?auc=true,399000,708,
139,2015,Mazda,2,1.5,XD Sport High Plus L,Hatchback,AT,15,25,white,72500,2023-10-25,mazda-2-xd-sport-high-plus-l-กรุงเทพและปริมณฑล-อำเภอบางพลี/12710342,298000,218,
142,2021,Mazda,CX-30,2,SP,SUV,AT,20,25,black,60000,2023-10-25,mazda-cx-30-sp-กรุงเทพและปริมณฑล-ศรีนครินทร์-เทพารักษ์/12755847,798000,1028,
1944,2013,Mazda,2,1.5,Elegance Spirit,Sedan,AT,9,14,white,117500,2023-10-25,mazda-2-elegance-spirit-กรุงเทพและปริมณฑล-กาญจนาภิเษก/12715186?auc=true,239000,267,
1421,2018,Mazda,CX-5,2.2,XDL 4WD,SUV,AT,17,23,gray,162500,2023-10-25,mazda-cx-5-xdl-กรุงเทพและปริมณฑล-อำเภอปากเกร็ด/11555114?auc=true,797001,1081,
1060,2018,Mazda,CX-5,2,S,SUV,AT,17,23,gray,147500,2023-10-25,mazda-cx-5-s-กรุงเทพและปริมณฑล-อ่อนนุช/12445872?auc=true,599999,1078,
1749,2021,Mazda,CX-30,2,,SUV,AT,20,25,black,57500,2023-10-25,mazda-cx-30-ภาคใต้-อำเภอถลาง/12830210,879000,1027,
594,2016,Mazda,2,1.3,Sports High Plus,Hatchback,AT,15,25,brown,80000,2023-10-25,mazda-2-sports-high-plus-กรุงเทพและปริมณฑล-กาญจนาภิเษก/12833350,326000,181,
1029,2016,Mazda,CX-5,2.5,S,SUV,AT,13,16,white,110000,2023-10-25,mazda-cx-5-s-กรุงเทพและปริมณฑล-อ่อนนุช/12196169,499000,1104,
1114,2011,Mazda,3,2,Maxx,Sedan,AT,11,14,white,2500,2023-10-25,mazda-3-maxx-กรุงเทพและปริมณฑล-กาญจนาภิเษก/12638814,235000,491,
1067,2017,Mazda,2,1.3,Sports High Connect,Hatchback,AT,15,25,black,92500,2023-10-25,mazda-2-sports-high-connect-กรุงเทพและปริมณฑล-บางนา-กิ่งแก้ว-ลาดกระบัง/11679179,345000,152,
1458,2020,Mazda,CX-5,2,S,SUV,AT,17,23,white,102500,2023-10-25,mazda-cx-5-s-กรุงเทพและปริมณฑล-สุขาภิบาล1-2-3/11540792?auc=true,729000,1059,
1991,2020,Mazda,2,1.3,S Leather,Sedan,AT,15,25,white,25088,2023-10-25,mazda-2-s-leather-กรุงเทพและปริมณฑล-กาญจนาภิเษก/12603163,475000,77,
1130,2018,Mazda,2,1.3,High Connect,Sedan,AT,15,25,red,2500,2023-10-25,mazda-2-high-connect-กรุงเทพและปริมณฑล-กาญจนาภิเษก/12349492,359000,116,
451,2021,Mazda,CX-30,2,SP,SUV,AT,20,25,red,47500,2023-10-25,mazda-cx-30-sp-ภาคตะวันออก-อำเภอเมืองระยอง/12204559,855000,1028,
1453,2016,Mazda,CX-5,2.5,S,SUV,AT,13,16,black,2500,2023-10-25,mazda-cx-5-s-กรุงเทพและปริมณฑล-กาญจนาภิเษก/11080158?auc=true,498000,1104,
1132,2019,Mazda,CX-5,2,C,SUV,AT,17,23,white,82500,2023-10-25,mazda-cx-5-c-กรุงเทพและปริมณฑล-ท่าพระ-วงเวียนใหญ่-พระราม2/12346342,699000,1065,
1879,2017,Mazda,2,1.3,Sports High Connect,Hatchback,AT,15,25,blue,72500,2023-10-25,mazda-2-sports-high-connect-กรุงเทพและปริมณฑล-สุขาภิบาล1-2-3/12765505,349000,152,
242,2017,Mazda,2,1.3,High Plus,Sedan,AT,15,25,black,172500,2023-10-25,mazda-2-high-plus-กรุงเทพและปริมณฑล-บางใหญ่-บางบัวทอง/12848003,397900,149,
600,2018,Mazda,CX-5,2,C,SUV,AT,17,23,silver,102500,2023-10-25,mazda-cx-5-c-กรุงเทพและปริมณฑล-สุขาภิบาล1-2-3/11261893?auc=true,659000,1076,
1779,2013,Mazda,3,1.6,Spirit Sports,Hatchback,AT,11,14,white,167500,2023-10-25,mazda-3-spirit-sports-กรุงเทพและปริมณฑล-พัฒนาการ-พระราม9ตัดใหม่/12814828,219000,470,
2001,2011,Mazda,2,1.5,Groove,Sedan,AT,9,14,gray,192500,2023-10-25,mazda-2-groove-กรุงเทพและปริมณฑล-อำเภอบางบัวทอง/12656369,179000,302,
1576,2018,Mazda,BT-50 PRO,2.2,FREE STYLE CAB Hi-Racer,Pickup,MT,14,21,white,82500,2023-10-25,mazda-bt-50-pro-hi-racer-ภาคตะวันออก-อำเภอศรีราชา/10786303?auc=true,418000,729,
754,2018,Mazda,3,2,E,Sedan,AT,14,18,gray,132500,2023-10-25,mazda-3-e-กรุงเทพและปริมณฑล-ท่าพระ-วงเวียนใหญ่-พระราม2/12755425?auc=true,404000,387,
1735,2006,Mazda,3,2,R Sport,Hatchback,AT,5,10,white,242500,2023-10-25,mazda-3-r-sport-กรุงเทพและปริมณฑล-กาญจนาภิเษก/12640144,167000,-1,
2031,2017,Mazda,2,1.3,High Connect,Sedan,AT,15,25,black,122500,2023-10-25,mazda-2-high-connect-กรุงเทพและปริมณฑล-ท่าพระ-วงเวียนใหญ่-พระราม2/12572869?auc=true,309000,146,
2160,2012,Mazda,BT-50 PRO,2.2,DOUBLE CAB Hi-Racer,Pickup,AT,14,21,white,170112,2023-10-25,mazda-bt-50-pro-hi-racer-ภาคเหนือ-อำเภอเมืองเชียงใหม่/12049576,378000,933,
115,2011,Mazda,2,1.5,Elegance Spirit,Sedan,AT,9,14,white,2500,2023-10-25,mazda-2-elegance-spirit-กรุงเทพและปริมณฑล-พัฒนาการ-พระราม9ตัดใหม่/11225895?auc=true,159000,301,
1220,2017,Mazda,3,2,S,Sedan,AT,14,18,gray,85512,2023-10-25,mazda-3-s-ภาคใต้-อำเภอหาดใหญ่/12507329,429000,409,
1412,2018,Mazda,CX-5,2.2,XDL 4WD,SUV,AT,17,23,white,2500,2023-10-25,mazda-cx-5-xdl-กรุงเทพและปริมณฑล-กาญจนาภิเษก/12121429,699000,1081,
965,2021,Mazda,2,1.3,S Leather,Sedan,AT,15,25,white,47500,2023-10-25,mazda-2-s-leather-กรุงเทพและปริมณฑล-อำเภอบางกรวย/12471821,419000,52,
1085,2018,Mazda,3,2,SP,Sedan,AT,14,18,black,132500,2023-10-25,mazda-3-sp-กรุงเทพและปริมณฑล-กาญจนาภิเษก/11986795,598000,393,
119,2017,Mazda,2,1.5,XD High Connect,Sedan,AT,15,25,brown,82500,2023-10-25,mazda-2-xd-high-connect-กรุงเทพและปริมณฑล-บางใหญ่-บางบัวทอง/12709724,417900,163,
1062,2016,Mazda,CX-3,2,C,SUV,AT,15,22,white,17500,2023-10-25,mazda-cx-3-c-กรุงเทพและปริมณฑล-กาญจนาภิเษก/12422418,399000,1008,
922,2021,Mazda,2,1.3,S Sports,Hatchback,AT,15,25,gray,55126,2023-10-25,mazda-2-s-sports-ภาคตะวันออก-อำเภอเมืองระยอง/12752491,459000,63,
2002,2016,Mazda,2,1.5,XD High Plus,Sedan,AT,15,25,red,142500,2023-10-25,mazda-2-xd-high-plus-กรุงเทพและปริมณฑล-อำเภอบางบัวทอง/12656287,349000,187,
482,2019,Mazda,2,1.3,High Connect,Sedan,AT,15,25,gray,97500,2023-10-25,mazda-2-high-connect-กรุงเทพและปริมณฑล-กาญจนาภิเษก/12718955,418900,98,
639,2020,Mazda,2,1.3,S Sports,Hatchback,AT,15,22,red,82500,2023-10-25,mazda-2-s-sports-กรุงเทพและปริมณฑล-รามอินทรา-สุขาภิบาล5/11677776?auc=true,449000,83,
345,2022,Mazda,CX-30,2,SP,SUV,AT,20,25,black,10000,2023-10-25,mazda-cx-30-sp-กรุงเทพและปริมณฑล-ศรีนครินทร์-เทพารักษ์/12695177,888000,1024,
1199,2019,Mazda,2,1.3,Standard,Sedan,AT,15,25,gray,43060,2023-10-25,mazda-2-standard-ภาคเหนือ-อำเภอเมืองเชียงใหม่/12587351?auc=true,389000,105,
545,2021,Mazda,CX-30,2,SP,SUV,AT,20,25,blue,32500,2023-10-25,mazda-cx-30-sp-กรุงเทพและปริมณฑล-อ่อนนุช/12762286,829000,1028,
19,2018,Mazda,2,1.3,High Plus,Sedan,AT,15,25,gray,72500,2023-10-25,mazda-2-high-plus-ภาคเหนือ-อำเภอพาน/12494069,349000,121,
834,2019,Mazda,CX-3,2,C,SUV,AT,15,22,gray,112500,2023-10-25,mazda-cx-3-c-ภาคตะวันออก-อำเภอพานทอง/12529775,490000,982,
999,2011,Mazda,2,1.5,Groove,Sedan,AT,9,14,white,147500,2023-10-25,mazda-2-groove-กรุงเทพและปริมณฑล-กาญจนาภิเษก/11831267,179000,302,
87,2017,Mazda,2,1.5,XD High Plus L,Sedan,AT,15,25,black,77500,2023-10-25,mazda-2-xd-high-plus-l-กรุงเทพและปริมณฑล-กาญจนาภิเษก/12456699,456900,166,
344,2017,Mazda,CX-5,2,S,SUV,AT,13,16,black,100000,2023-10-25,mazda-cx-5-s-กรุงเทพและปริมณฑล-ศรีนครินทร์-เทพารักษ์/11857995,548000,1100,
436,2021,Mazda,CX-30,2,SP,SUV,AT,20,25,gray,27500,2023-10-25,mazda-cx-30-sp-กรุงเทพและปริมณฑล-พหลโยธิน-บางซื่อ-จตุจักร/12757133,880900,1028,
1946,2013,Mazda,2,1.5,Elegance Spirit,Sedan,AT,9,14,white,117500,2023-10-25,mazda-2-elegance-spirit-กรุงเทพและปริมณฑล-กาญจนาภิเษก/12715168?auc=true,239000,267,
1022,2012,Mazda,2,1.5,Elegance Spirit,Sedan,AT,9,14,white,162500,2023-10-25,mazda-2-elegance-spirit-ภาคอีสาน-อำเภอเมืองอุดรธานี/12736025,199000,291,
526,2021,Mazda,CX-8,2.2,XDL Exclusive 4WD,SUV,AT,19,25,black,82500,2023-10-25,mazda-cx-8-xdl-exclusive-กรุงเทพและปริมณฑล-กาญจนาภิเษก/12229697,1249000,1137,
2053,2016,Mazda,CX-3,2,SP,SUV,AT,15,22,red,107334,2023-10-25,mazda-cx-3-sp-ภาคเหนือ-อำเภอเมืองเชียงใหม่/12532409?auc=true,489000,1011,
1715,2015,Mazda,CX-5,2.5,S,SUV,AT,13,16,white,93985,2023-10-25,mazda-cx-5-s-กรุงเทพและปริมณฑล-หลักสี่-สะพานใหม่-แจ้งวัฒนะ/12846767?auc=true,429000,1104,
1308,2011,Mazda,3,1.6,Spirit,Hatchback,AT,5,10,white,222500,2023-10-25,mazda-3-spirit-กรุงเทพและปริมณฑล-พัฒนาการ-พระราม9ตัดใหม่/11783802,189000,486,
1094,2020,Mazda,3,2,SP Sports,Hatchback,AT,19,24,gray,111939,2023-10-25,mazda-3-sp-sports-กรุงเทพและปริมณฑล-อ่อนนุช/12400163?auc=true,698000,358,
1302,2017,Mazda,CX-3,1.5,XDL,SUV,AT,15,22,brown,112500,2023-10-25,mazda-cx-3-xdl-กรุงเทพและปริมณฑล-ท่าพระ-วงเวียนใหญ่-พระราม2/12394472?auc=true,499000,998,
1952,2016,Mazda,CX-5,2.2,XDL 4WD,SUV,AT,13,16,black,132500,2023-10-25,mazda-cx-5-xdl-ภาคใต้-อำเภอหาดใหญ่/12543182,519000,1102,
295,2014,Mazda,2,1.5,Elegance Spirit,Sedan,AT,9,14,white,102500,2023-10-25,mazda-2-elegance-spirit-กรุงเทพและปริมณฑล-รามอินทรา-สุขาภิบาล5/12376631,219000,238,
1977,2021,Mazda,2,1.3,SP Sports,Hatchback,AT,15,25,gray,47500,2023-10-25,mazda-2-sp-sports-ภาคใต้-อำเภอเมืองภูเก็ต/9746140,449000,58,